timestamp,zone,litres
2026-08-01 00:00,Block A (Boys Hostel),88.6
2026-08-01 01:00,Block A (Boys Hostel),47.8
2026-08-01 02:00,Block A (Boys Hostel),29.1
2026-08-01 03:00,Block A (Boys Hostel),36.9
2026-08-01 04:00,Block A (Boys Hostel),163.7
2026-08-01 05:00,Block A (Boys Hostel),597.1
2026-08-01 06:00,Block A (Boys Hostel),1494.3
2026-08-01 07:00,Block A (Boys Hostel),1723.0
2026-08-01 08:00,Block A (Boys Hostel),1731.5
2026-08-01 09:00,Block A (Boys Hostel),995.2
2026-08-01 10:00,Block A (Boys Hostel),539.5
2026-08-01 11:00,Block A (Boys Hostel),635.9
2026-08-01 12:00,Block A (Boys Hostel),908.4
2026-08-01 13:00,Block A (Boys Hostel),807.0
2026-08-01 14:00,Block A (Boys Hostel),638.7
2026-08-01 15:00,Block A (Boys Hostel),574.9
2026-08-01 16:00,Block A (Boys Hostel),630.4
2026-08-01 17:00,Block A (Boys Hostel),879.4
2026-08-01 18:00,Block A (Boys Hostel),1288.7
2026-08-01 19:00,Block A (Boys Hostel),1501.3
2026-08-01 20:00,Block A (Boys Hostel),1600.0
2026-08-01 21:00,Block A (Boys Hostel),1106.2
2026-08-01 22:00,Block A (Boys Hostel),299.6
2026-08-01 23:00,Block A (Boys Hostel),192.2
2026-08-02 00:00,Block A (Boys Hostel),83.0
2026-08-02 01:00,Block A (Boys Hostel),50.8
2026-08-02 02:00,Block A (Boys Hostel),33.4
2026-08-02 03:00,Block A (Boys Hostel),32.3
2026-08-02 04:00,Block A (Boys Hostel),181.0
2026-08-02 05:00,Block A (Boys Hostel),648.2
2026-08-02 06:00,Block A (Boys Hostel),1672.6
2026-08-02 07:00,Block A (Boys Hostel),1968.1
2026-08-02 08:00,Block A (Boys Hostel),1398.7
2026-08-02 09:00,Block A (Boys Hostel),802.0
2026-08-02 10:00,Block A (Boys Hostel),502.6
2026-08-02 11:00,Block A (Boys Hostel),588.9
2026-08-02 12:00,Block A (Boys Hostel),954.1
2026-08-02 13:00,Block A (Boys Hostel),794.4
2026-08-02 14:00,Block A (Boys Hostel),546.4
2026-08-02 15:00,Block A (Boys Hostel),588.7
2026-08-02 16:00,Block A (Boys Hostel),575.8
2026-08-02 17:00,Block A (Boys Hostel),958.7
2026-08-02 18:00,Block A (Boys Hostel),1325.5
2026-08-02 19:00,Block A (Boys Hostel),1923.2
2026-08-02 20:00,Block A (Boys Hostel),1308.1
2026-08-02 21:00,Block A (Boys Hostel),705.1
2026-08-02 22:00,Block A (Boys Hostel),289.7
2026-08-02 23:00,Block A (Boys Hostel),181.0
2026-08-03 00:00,Block A (Boys Hostel),92.8
2026-08-03 01:00,Block A (Boys Hostel),48.1
2026-08-03 02:00,Block A (Boys Hostel),38.8
2026-08-03 03:00,Block A (Boys Hostel),28.8
2026-08-03 04:00,Block A (Boys Hostel),178.6
2026-08-03 05:00,Block A (Boys Hostel),615.4
2026-08-03 06:00,Block A (Boys Hostel),1493.3
2026-08-03 07:00,Block A (Boys Hostel),1991.3
2026-08-03 08:00,Block A (Boys Hostel),1291.3
2026-08-03 09:00,Block A (Boys Hostel),858.5
2026-08-03 10:00,Block A (Boys Hostel),605.2
2026-08-03 11:00,Block A (Boys Hostel),502.6
2026-08-03 12:00,Block A (Boys Hostel),990.3
2026-08-03 13:00,Block A (Boys Hostel),778.0
2026-08-03 14:00,Block A (Boys Hostel),574.3
2026-08-03 15:00,Block A (Boys Hostel),633.4
2026-08-03 16:00,Block A (Boys Hostel),506.4
2026-08-03 17:00,Block A (Boys Hostel),813.9
2026-08-03 18:00,Block A (Boys Hostel),1539.7
2026-08-03 19:00,Block A (Boys Hostel),1756.1
2026-08-03 20:00,Block A (Boys Hostel),1504.1
2026-08-03 21:00,Block A (Boys Hostel),834.8
2026-08-03 22:00,Block A (Boys Hostel),363.7
2026-08-03 23:00,Block A (Boys Hostel),176.6
2026-08-04 00:00,Block A (Boys Hostel),102.6
2026-08-04 01:00,Block A (Boys Hostel),55.6
2026-08-04 02:00,Block A (Boys Hostel),37.5
2026-08-04 03:00,Block A (Boys Hostel),34.2
2026-08-04 04:00,Block A (Boys Hostel),169.5
2026-08-04 05:00,Block A (Boys Hostel),682.6
2026-08-04 06:00,Block A (Boys Hostel),1696.7
2026-08-04 07:00,Block A (Boys Hostel),1880.0
2026-08-04 08:00,Block A (Boys Hostel),1490.1
2026-08-04 09:00,Block A (Boys Hostel),1124.1
2026-08-04 10:00,Block A (Boys Hostel),596.4
2026-08-04 11:00,Block A (Boys Hostel),518.9
2026-08-04 12:00,Block A (Boys Hostel),1029.7
2026-08-04 13:00,Block A (Boys Hostel),855.9
2026-08-04 14:00,Block A (Boys Hostel),407.9
2026-08-04 15:00,Block A (Boys Hostel),474.7
2026-08-04 16:00,Block A (Boys Hostel),558.4
2026-08-04 17:00,Block A (Boys Hostel),862.0
2026-08-04 18:00,Block A (Boys Hostel),1443.2
2026-08-04 19:00,Block A (Boys Hostel),2162.1
2026-08-04 20:00,Block A (Boys Hostel),1496.5
2026-08-04 21:00,Block A (Boys Hostel),876.3
2026-08-04 22:00,Block A (Boys Hostel),395.8
2026-08-04 23:00,Block A (Boys Hostel),132.2
2026-08-05 00:00,Block A (Boys Hostel),92.5
2026-08-05 01:00,Block A (Boys Hostel),59.0
2026-08-05 02:00,Block A (Boys Hostel),29.6
2026-08-05 03:00,Block A (Boys Hostel),40.9
2026-08-05 04:00,Block A (Boys Hostel),187.3
2026-08-05 05:00,Block A (Boys Hostel),684.1
2026-08-05 06:00,Block A (Boys Hostel),1743.0
2026-08-05 07:00,Block A (Boys Hostel),2519.5
2026-08-05 08:00,Block A (Boys Hostel),1471.4
2026-08-05 09:00,Block A (Boys Hostel),926.8
2026-08-05 10:00,Block A (Boys Hostel),510.2
2026-08-05 11:00,Block A (Boys Hostel),484.9
2026-08-05 12:00,Block A (Boys Hostel),989.7
2026-08-05 13:00,Block A (Boys Hostel),807.5
2026-08-05 14:00,Block A (Boys Hostel),544.6
2026-08-05 15:00,Block A (Boys Hostel),509.0
2026-08-05 16:00,Block A (Boys Hostel),761.4
2026-08-05 17:00,Block A (Boys Hostel),936.0
2026-08-05 18:00,Block A (Boys Hostel),1619.3
2026-08-05 19:00,Block A (Boys Hostel),1689.8
2026-08-05 20:00,Block A (Boys Hostel),1393.4
2026-08-05 21:00,Block A (Boys Hostel),794.3
2026-08-05 22:00,Block A (Boys Hostel),340.8
2026-08-05 23:00,Block A (Boys Hostel),188.1
2026-08-06 00:00,Block A (Boys Hostel),98.2
2026-08-06 01:00,Block A (Boys Hostel),48.0
2026-08-06 02:00,Block A (Boys Hostel),39.8
2026-08-06 03:00,Block A (Boys Hostel),41.9
2026-08-06 04:00,Block A (Boys Hostel),188.9
2026-08-06 05:00,Block A (Boys Hostel),882.2
2026-08-06 06:00,Block A (Boys Hostel),1469.6
2026-08-06 07:00,Block A (Boys Hostel),1684.3
2026-08-06 08:00,Block A (Boys Hostel),1132.6
2026-08-06 09:00,Block A (Boys Hostel),1061.6
2026-08-06 10:00,Block A (Boys Hostel),582.4
2026-08-06 11:00,Block A (Boys Hostel),536.4
2026-08-06 12:00,Block A (Boys Hostel),930.2
2026-08-06 13:00,Block A (Boys Hostel),778.4
2026-08-06 14:00,Block A (Boys Hostel),698.5
2026-08-06 15:00,Block A (Boys Hostel),548.4
2026-08-06 16:00,Block A (Boys Hostel),729.5
2026-08-06 17:00,Block A (Boys Hostel),978.4
2026-08-06 18:00,Block A (Boys Hostel),1523.1
2026-08-06 19:00,Block A (Boys Hostel),1848.4
2026-08-06 20:00,Block A (Boys Hostel),1303.4
2026-08-06 21:00,Block A (Boys Hostel),950.9
2026-08-06 22:00,Block A (Boys Hostel),441.3
2026-08-06 23:00,Block A (Boys Hostel),209.1
2026-08-07 00:00,Block A (Boys Hostel),107.2
2026-08-07 01:00,Block A (Boys Hostel),50.7
2026-08-07 02:00,Block A (Boys Hostel),31.7
2026-08-07 03:00,Block A (Boys Hostel),35.5
2026-08-07 04:00,Block A (Boys Hostel),181.2
2026-08-07 05:00,Block A (Boys Hostel),814.5
2026-08-07 06:00,Block A (Boys Hostel),1291.0
2026-08-07 07:00,Block A (Boys Hostel),2343.4
2026-08-07 08:00,Block A (Boys Hostel),1412.7
2026-08-07 09:00,Block A (Boys Hostel),853.9
2026-08-07 10:00,Block A (Boys Hostel),474.4
2026-08-07 11:00,Block A (Boys Hostel),432.8
2026-08-07 12:00,Block A (Boys Hostel),988.9
2026-08-07 13:00,Block A (Boys Hostel),907.9
2026-08-07 14:00,Block A (Boys Hostel),456.4
2026-08-07 15:00,Block A (Boys Hostel),456.1
2026-08-07 16:00,Block A (Boys Hostel),691.0
2026-08-07 17:00,Block A (Boys Hostel),1080.3
2026-08-07 18:00,Block A (Boys Hostel),1395.1
2026-08-07 19:00,Block A (Boys Hostel),1475.3
2026-08-07 20:00,Block A (Boys Hostel),1397.5
2026-08-07 21:00,Block A (Boys Hostel),870.5
2026-08-07 22:00,Block A (Boys Hostel),243.5
2026-08-07 23:00,Block A (Boys Hostel),178.8
2026-08-08 00:00,Block A (Boys Hostel),87.5
2026-08-08 01:00,Block A (Boys Hostel),58.5
2026-08-08 02:00,Block A (Boys Hostel),44.0
2026-08-08 03:00,Block A (Boys Hostel),40.9
2026-08-08 04:00,Block A (Boys Hostel),174.2
2026-08-08 05:00,Block A (Boys Hostel),624.4
2026-08-08 06:00,Block A (Boys Hostel),2120.3
2026-08-08 07:00,Block A (Boys Hostel),1994.1
2026-08-08 08:00,Block A (Boys Hostel),1442.4
2026-08-08 09:00,Block A (Boys Hostel),897.4
2026-08-08 10:00,Block A (Boys Hostel),552.8
2026-08-08 11:00,Block A (Boys Hostel),530.6
2026-08-08 12:00,Block A (Boys Hostel),838.0
2026-08-08 13:00,Block A (Boys Hostel),840.9
2026-08-08 14:00,Block A (Boys Hostel),537.9
2026-08-08 15:00,Block A (Boys Hostel),504.8
2026-08-08 16:00,Block A (Boys Hostel),658.4
2026-08-08 17:00,Block A (Boys Hostel),911.5
2026-08-08 18:00,Block A (Boys Hostel),1395.9
2026-08-08 19:00,Block A (Boys Hostel),2124.9
2026-08-08 20:00,Block A (Boys Hostel),981.9
2026-08-08 21:00,Block A (Boys Hostel),1017.9
2026-08-08 22:00,Block A (Boys Hostel),413.8
2026-08-08 23:00,Block A (Boys Hostel),135.2
2026-08-09 00:00,Block A (Boys Hostel),86.3
2026-08-09 01:00,Block A (Boys Hostel),51.6
2026-08-09 02:00,Block A (Boys Hostel),29.9
2026-08-09 03:00,Block A (Boys Hostel),32.6
2026-08-09 04:00,Block A (Boys Hostel),156.0
2026-08-09 05:00,Block A (Boys Hostel),871.4
2026-08-09 06:00,Block A (Boys Hostel),1801.9
2026-08-09 07:00,Block A (Boys Hostel),2282.1
2026-08-09 08:00,Block A (Boys Hostel),1564.7
2026-08-09 09:00,Block A (Boys Hostel),778.1
2026-08-09 10:00,Block A (Boys Hostel),506.0
2026-08-09 11:00,Block A (Boys Hostel),571.7
2026-08-09 12:00,Block A (Boys Hostel),768.0
2026-08-09 13:00,Block A (Boys Hostel),977.0
2026-08-09 14:00,Block A (Boys Hostel),524.4
2026-08-09 15:00,Block A (Boys Hostel),515.7
2026-08-09 16:00,Block A (Boys Hostel),781.4
2026-08-09 17:00,Block A (Boys Hostel),948.0
2026-08-09 18:00,Block A (Boys Hostel),1377.6
2026-08-09 19:00,Block A (Boys Hostel),2050.4
2026-08-09 20:00,Block A (Boys Hostel),1253.2
2026-08-09 21:00,Block A (Boys Hostel),966.5
2026-08-09 22:00,Block A (Boys Hostel),385.6
2026-08-09 23:00,Block A (Boys Hostel),173.3
2026-08-10 00:00,Block A (Boys Hostel),93.5
2026-08-10 01:00,Block A (Boys Hostel),45.9
2026-08-10 02:00,Block A (Boys Hostel),40.0
2026-08-10 03:00,Block A (Boys Hostel),35.2
2026-08-10 04:00,Block A (Boys Hostel),168.7
2026-08-10 05:00,Block A (Boys Hostel),810.6
2026-08-10 06:00,Block A (Boys Hostel),1483.1
2026-08-10 07:00,Block A (Boys Hostel),1645.3
2026-08-10 08:00,Block A (Boys Hostel),1171.0
2026-08-10 09:00,Block A (Boys Hostel),965.4
2026-08-10 10:00,Block A (Boys Hostel),457.0
2026-08-10 11:00,Block A (Boys Hostel),653.7
2026-08-10 12:00,Block A (Boys Hostel),675.2
2026-08-10 13:00,Block A (Boys Hostel),1083.2
2026-08-10 14:00,Block A (Boys Hostel),553.7
2026-08-10 15:00,Block A (Boys Hostel),533.7
2026-08-10 16:00,Block A (Boys Hostel),672.9
2026-08-10 17:00,Block A (Boys Hostel),943.1
2026-08-10 18:00,Block A (Boys Hostel),1433.5
2026-08-10 19:00,Block A (Boys Hostel),2038.3
2026-08-10 20:00,Block A (Boys Hostel),1459.7
2026-08-10 21:00,Block A (Boys Hostel),916.2
2026-08-10 22:00,Block A (Boys Hostel),344.3
2026-08-10 23:00,Block A (Boys Hostel),178.8
2026-08-11 00:00,Block A (Boys Hostel),93.3
2026-08-11 01:00,Block A (Boys Hostel),42.9
2026-08-11 02:00,Block A (Boys Hostel),30.2
2026-08-11 03:00,Block A (Boys Hostel),39.2
2026-08-11 04:00,Block A (Boys Hostel),183.7
2026-08-11 05:00,Block A (Boys Hostel),704.1
2026-08-11 06:00,Block A (Boys Hostel),1623.6
2026-08-11 07:00,Block A (Boys Hostel),2062.6
2026-08-11 08:00,Block A (Boys Hostel),1346.7
2026-08-11 09:00,Block A (Boys Hostel),815.9
2026-08-11 10:00,Block A (Boys Hostel),552.7
2026-08-11 11:00,Block A (Boys Hostel),476.6
2026-08-11 12:00,Block A (Boys Hostel),944.1
2026-08-11 13:00,Block A (Boys Hostel),716.1
2026-08-11 14:00,Block A (Boys Hostel),606.7
2026-08-11 15:00,Block A (Boys Hostel),570.6
2026-08-11 16:00,Block A (Boys Hostel),742.1
2026-08-11 17:00,Block A (Boys Hostel),1006.1
2026-08-11 18:00,Block A (Boys Hostel),1727.8
2026-08-11 19:00,Block A (Boys Hostel),2019.1
2026-08-11 20:00,Block A (Boys Hostel),1121.9
2026-08-11 21:00,Block A (Boys Hostel),761.8
2026-08-11 22:00,Block A (Boys Hostel),333.0
2026-08-11 23:00,Block A (Boys Hostel),180.6
2026-08-12 00:00,Block A (Boys Hostel),95.6
2026-08-12 01:00,Block A (Boys Hostel),49.3
2026-08-12 02:00,Block A (Boys Hostel),36.8
2026-08-12 03:00,Block A (Boys Hostel),32.7
2026-08-12 04:00,Block A (Boys Hostel),166.8
2026-08-12 05:00,Block A (Boys Hostel),598.5
2026-08-12 06:00,Block A (Boys Hostel),1440.5
2026-08-12 07:00,Block A (Boys Hostel),1658.8
2026-08-12 08:00,Block A (Boys Hostel),1271.4
2026-08-12 09:00,Block A (Boys Hostel),1013.8
2026-08-12 10:00,Block A (Boys Hostel),478.5
2026-08-12 11:00,Block A (Boys Hostel),710.6
2026-08-12 12:00,Block A (Boys Hostel),953.3
2026-08-12 13:00,Block A (Boys Hostel),920.0
2026-08-12 14:00,Block A (Boys Hostel),484.4
2026-08-12 15:00,Block A (Boys Hostel),585.4
2026-08-12 16:00,Block A (Boys Hostel),670.3
2026-08-12 17:00,Block A (Boys Hostel),913.2
2026-08-12 18:00,Block A (Boys Hostel),1882.4
2026-08-12 19:00,Block A (Boys Hostel),1779.3
2026-08-12 20:00,Block A (Boys Hostel),1638.6
2026-08-12 21:00,Block A (Boys Hostel),824.1
2026-08-12 22:00,Block A (Boys Hostel),358.5
2026-08-12 23:00,Block A (Boys Hostel),218.2
2026-08-13 00:00,Block A (Boys Hostel),83.2
2026-08-13 01:00,Block A (Boys Hostel),65.7
2026-08-13 02:00,Block A (Boys Hostel),39.1
2026-08-13 03:00,Block A (Boys Hostel),33.6
2026-08-13 04:00,Block A (Boys Hostel),193.7
2026-08-13 05:00,Block A (Boys Hostel),804.0
2026-08-13 06:00,Block A (Boys Hostel),1740.9
2026-08-13 07:00,Block A (Boys Hostel),1606.9
2026-08-13 08:00,Block A (Boys Hostel),1314.4
2026-08-13 09:00,Block A (Boys Hostel),873.3
2026-08-13 10:00,Block A (Boys Hostel),535.2
2026-08-13 11:00,Block A (Boys Hostel),580.2
2026-08-13 12:00,Block A (Boys Hostel),919.2
2026-08-13 13:00,Block A (Boys Hostel),755.8
2026-08-13 14:00,Block A (Boys Hostel),564.6
2026-08-13 15:00,Block A (Boys Hostel),579.6
2026-08-13 16:00,Block A (Boys Hostel),768.4
2026-08-13 17:00,Block A (Boys Hostel),1016.7
2026-08-13 18:00,Block A (Boys Hostel),1584.1
2026-08-13 19:00,Block A (Boys Hostel),1899.2
2026-08-13 20:00,Block A (Boys Hostel),1427.9
2026-08-13 21:00,Block A (Boys Hostel),720.6
2026-08-13 22:00,Block A (Boys Hostel),378.6
2026-08-13 23:00,Block A (Boys Hostel),184.5
2026-08-14 00:00,Block A (Boys Hostel),92.9
2026-08-14 01:00,Block A (Boys Hostel),45.7
2026-08-14 02:00,Block A (Boys Hostel),31.3
2026-08-14 03:00,Block A (Boys Hostel),40.5
2026-08-14 04:00,Block A (Boys Hostel),179.1
2026-08-14 05:00,Block A (Boys Hostel),778.9
2026-08-14 06:00,Block A (Boys Hostel),1625.5
2026-08-14 07:00,Block A (Boys Hostel),1987.1
2026-08-14 08:00,Block A (Boys Hostel),1602.1
2026-08-14 09:00,Block A (Boys Hostel),844.3
2026-08-14 10:00,Block A (Boys Hostel),546.2
2026-08-14 11:00,Block A (Boys Hostel),510.0
2026-08-14 12:00,Block A (Boys Hostel),853.1
2026-08-14 13:00,Block A (Boys Hostel),866.6
2026-08-14 14:00,Block A (Boys Hostel),554.4
2026-08-14 15:00,Block A (Boys Hostel),509.0
2026-08-14 16:00,Block A (Boys Hostel),828.5
2026-08-14 17:00,Block A (Boys Hostel),803.4
2026-08-14 18:00,Block A (Boys Hostel),1407.7
2026-08-14 19:00,Block A (Boys Hostel),1705.0
2026-08-14 20:00,Block A (Boys Hostel),1690.0
2026-08-14 21:00,Block A (Boys Hostel),921.2
2026-08-14 22:00,Block A (Boys Hostel),404.6
2026-08-14 23:00,Block A (Boys Hostel),147.9
2026-08-15 00:00,Block A (Boys Hostel),92.9
2026-08-15 01:00,Block A (Boys Hostel),59.8
2026-08-15 02:00,Block A (Boys Hostel),36.4
2026-08-15 03:00,Block A (Boys Hostel),40.6
2026-08-15 04:00,Block A (Boys Hostel),168.8
2026-08-15 05:00,Block A (Boys Hostel),841.8
2026-08-15 06:00,Block A (Boys Hostel),2066.9
2026-08-15 07:00,Block A (Boys Hostel),1893.8
2026-08-15 08:00,Block A (Boys Hostel),1363.0
2026-08-15 09:00,Block A (Boys Hostel),1057.0
2026-08-15 10:00,Block A (Boys Hostel),642.4
2026-08-15 11:00,Block A (Boys Hostel),506.1
2026-08-15 12:00,Block A (Boys Hostel),854.6
2026-08-15 13:00,Block A (Boys Hostel),869.6
2026-08-15 14:00,Block A (Boys Hostel),452.9
2026-08-15 15:00,Block A (Boys Hostel),480.5
2026-08-15 16:00,Block A (Boys Hostel),633.2
2026-08-15 17:00,Block A (Boys Hostel),817.1
2026-08-15 18:00,Block A (Boys Hostel),1434.0
2026-08-15 19:00,Block A (Boys Hostel),1850.6
2026-08-15 20:00,Block A (Boys Hostel),1707.9
2026-08-15 21:00,Block A (Boys Hostel),792.2
2026-08-15 22:00,Block A (Boys Hostel),402.5
2026-08-15 23:00,Block A (Boys Hostel),175.4
2026-08-16 00:00,Block A (Boys Hostel),89.5
2026-08-16 01:00,Block A (Boys Hostel),58.4
2026-08-16 02:00,Block A (Boys Hostel),31.1
2026-08-16 03:00,Block A (Boys Hostel),37.7
2026-08-16 04:00,Block A (Boys Hostel),183.6
2026-08-16 05:00,Block A (Boys Hostel),762.5
2026-08-16 06:00,Block A (Boys Hostel),1676.2
2026-08-16 07:00,Block A (Boys Hostel),2563.4
2026-08-16 08:00,Block A (Boys Hostel),1329.8
2026-08-16 09:00,Block A (Boys Hostel),842.7
2026-08-16 10:00,Block A (Boys Hostel),499.6
2026-08-16 11:00,Block A (Boys Hostel),504.0
2026-08-16 12:00,Block A (Boys Hostel),831.2
2026-08-16 13:00,Block A (Boys Hostel),1028.4
2026-08-16 14:00,Block A (Boys Hostel),632.0
2026-08-16 15:00,Block A (Boys Hostel),503.0
2026-08-16 16:00,Block A (Boys Hostel),648.1
2026-08-16 17:00,Block A (Boys Hostel),950.9
2026-08-16 18:00,Block A (Boys Hostel),1344.6
2026-08-16 19:00,Block A (Boys Hostel),1936.7
2026-08-16 20:00,Block A (Boys Hostel),1475.1
2026-08-16 21:00,Block A (Boys Hostel),736.3
2026-08-16 22:00,Block A (Boys Hostel),426.9
2026-08-16 23:00,Block A (Boys Hostel),218.8
2026-08-17 00:00,Block A (Boys Hostel),83.4
2026-08-17 01:00,Block A (Boys Hostel),51.5
2026-08-17 02:00,Block A (Boys Hostel),37.2
2026-08-17 03:00,Block A (Boys Hostel),37.4
2026-08-17 04:00,Block A (Boys Hostel),194.2
2026-08-17 05:00,Block A (Boys Hostel),893.7
2026-08-17 06:00,Block A (Boys Hostel),1585.6
2026-08-17 07:00,Block A (Boys Hostel),1790.3
2026-08-17 08:00,Block A (Boys Hostel),1201.7
2026-08-17 09:00,Block A (Boys Hostel),821.1
2026-08-17 10:00,Block A (Boys Hostel),537.9
2026-08-17 11:00,Block A (Boys Hostel),656.3
2026-08-17 12:00,Block A (Boys Hostel),844.1
2026-08-17 13:00,Block A (Boys Hostel),924.2
2026-08-17 14:00,Block A (Boys Hostel),538.9
2026-08-17 15:00,Block A (Boys Hostel),617.0
2026-08-17 16:00,Block A (Boys Hostel),938.3
2026-08-17 17:00,Block A (Boys Hostel),842.7
2026-08-17 18:00,Block A (Boys Hostel),1355.4
2026-08-17 19:00,Block A (Boys Hostel),2025.5
2026-08-17 20:00,Block A (Boys Hostel),1557.8
2026-08-17 21:00,Block A (Boys Hostel),1099.4
2026-08-17 22:00,Block A (Boys Hostel),385.2
2026-08-17 23:00,Block A (Boys Hostel),172.2
2026-08-18 00:00,Block A (Boys Hostel),96.4
2026-08-18 01:00,Block A (Boys Hostel),61.2
2026-08-18 02:00,Block A (Boys Hostel),39.5
2026-08-18 03:00,Block A (Boys Hostel),38.2
2026-08-18 04:00,Block A (Boys Hostel),203.0
2026-08-18 05:00,Block A (Boys Hostel),821.0
2026-08-18 06:00,Block A (Boys Hostel),1888.7
2026-08-18 07:00,Block A (Boys Hostel),2134.1
2026-08-18 08:00,Block A (Boys Hostel),1411.1
2026-08-18 09:00,Block A (Boys Hostel),915.8
2026-08-18 10:00,Block A (Boys Hostel),618.2
2026-08-18 11:00,Block A (Boys Hostel),487.1
2026-08-18 12:00,Block A (Boys Hostel),939.8
2026-08-18 13:00,Block A (Boys Hostel),857.5
2026-08-18 14:00,Block A (Boys Hostel),541.9
2026-08-18 15:00,Block A (Boys Hostel),622.8
2026-08-18 16:00,Block A (Boys Hostel),736.5
2026-08-18 17:00,Block A (Boys Hostel),905.0
2026-08-18 18:00,Block A (Boys Hostel),1205.0
2026-08-18 19:00,Block A (Boys Hostel),1961.2
2026-08-18 20:00,Block A (Boys Hostel),1551.5
2026-08-18 21:00,Block A (Boys Hostel),1133.6
2026-08-18 22:00,Block A (Boys Hostel),346.7
2026-08-18 23:00,Block A (Boys Hostel),184.7
2026-08-19 00:00,Block A (Boys Hostel),92.7
2026-08-19 01:00,Block A (Boys Hostel),64.2
2026-08-19 02:00,Block A (Boys Hostel),35.6
2026-08-19 03:00,Block A (Boys Hostel),37.2
2026-08-19 04:00,Block A (Boys Hostel),193.1
2026-08-19 05:00,Block A (Boys Hostel),736.1
2026-08-19 06:00,Block A (Boys Hostel),1533.2
2026-08-19 07:00,Block A (Boys Hostel),2026.1
2026-08-19 08:00,Block A (Boys Hostel),1625.5
2026-08-19 09:00,Block A (Boys Hostel),789.1
2026-08-19 10:00,Block A (Boys Hostel),548.6
2026-08-19 11:00,Block A (Boys Hostel),494.6
2026-08-19 12:00,Block A (Boys Hostel),1029.1
2026-08-19 13:00,Block A (Boys Hostel),735.5
2026-08-19 14:00,Block A (Boys Hostel),503.8
2026-08-19 15:00,Block A (Boys Hostel),564.4
2026-08-19 16:00,Block A (Boys Hostel),855.3
2026-08-19 17:00,Block A (Boys Hostel),892.9
2026-08-19 18:00,Block A (Boys Hostel),1344.1
2026-08-19 19:00,Block A (Boys Hostel),2206.3
2026-08-19 20:00,Block A (Boys Hostel),1189.8
2026-08-19 21:00,Block A (Boys Hostel),662.5
2026-08-19 22:00,Block A (Boys Hostel),379.0
2026-08-19 23:00,Block A (Boys Hostel),169.2
2026-08-20 00:00,Block A (Boys Hostel),79.0
2026-08-20 01:00,Block A (Boys Hostel),58.6
2026-08-20 02:00,Block A (Boys Hostel),37.1
2026-08-20 03:00,Block A (Boys Hostel),33.6
2026-08-20 04:00,Block A (Boys Hostel),152.3
2026-08-20 05:00,Block A (Boys Hostel),795.4
2026-08-20 06:00,Block A (Boys Hostel),1746.4
2026-08-20 07:00,Block A (Boys Hostel),1956.4
2026-08-20 08:00,Block A (Boys Hostel),1759.1
2026-08-20 09:00,Block A (Boys Hostel),784.4
2026-08-20 10:00,Block A (Boys Hostel),441.1
2026-08-20 11:00,Block A (Boys Hostel),495.2
2026-08-20 12:00,Block A (Boys Hostel),895.1
2026-08-20 13:00,Block A (Boys Hostel),926.3
2026-08-20 14:00,Block A (Boys Hostel),524.4
2026-08-20 15:00,Block A (Boys Hostel),562.8
2026-08-20 16:00,Block A (Boys Hostel),611.9
2026-08-20 17:00,Block A (Boys Hostel),1055.9
2026-08-20 18:00,Block A (Boys Hostel),1425.8
2026-08-20 19:00,Block A (Boys Hostel),2041.3
2026-08-20 20:00,Block A (Boys Hostel),1499.2
2026-08-20 21:00,Block A (Boys Hostel),949.3
2026-08-20 22:00,Block A (Boys Hostel),384.6
2026-08-20 23:00,Block A (Boys Hostel),189.7
2026-08-21 00:00,Block A (Boys Hostel),96.9
2026-08-21 01:00,Block A (Boys Hostel),62.6
2026-08-21 02:00,Block A (Boys Hostel),36.8
2026-08-21 03:00,Block A (Boys Hostel),39.1
2026-08-21 04:00,Block A (Boys Hostel),178.1
2026-08-21 05:00,Block A (Boys Hostel),844.4
2026-08-21 06:00,Block A (Boys Hostel),1488.5
2026-08-21 07:00,Block A (Boys Hostel),2407.9
2026-08-21 08:00,Block A (Boys Hostel),1433.1
2026-08-21 09:00,Block A (Boys Hostel),745.5
2026-08-21 10:00,Block A (Boys Hostel),548.3
2026-08-21 11:00,Block A (Boys Hostel),495.9
2026-08-21 12:00,Block A (Boys Hostel),990.8
2026-08-21 13:00,Block A (Boys Hostel),829.5
2026-08-21 14:00,Block A (Boys Hostel),511.1
2026-08-21 15:00,Block A (Boys Hostel),417.6
2026-08-21 16:00,Block A (Boys Hostel),680.9
2026-08-21 17:00,Block A (Boys Hostel),638.2
2026-08-21 18:00,Block A (Boys Hostel),1166.3
2026-08-21 19:00,Block A (Boys Hostel),1964.2
2026-08-21 20:00,Block A (Boys Hostel),1575.8
2026-08-21 21:00,Block A (Boys Hostel),945.9
2026-08-21 22:00,Block A (Boys Hostel),318.2
2026-08-21 23:00,Block A (Boys Hostel),179.0
2026-08-22 00:00,Block A (Boys Hostel),90.0
2026-08-22 01:00,Block A (Boys Hostel),46.5
2026-08-22 02:00,Block A (Boys Hostel),42.5
2026-08-22 03:00,Block A (Boys Hostel),39.8
2026-08-22 04:00,Block A (Boys Hostel),175.2
2026-08-22 05:00,Block A (Boys Hostel),722.3
2026-08-22 06:00,Block A (Boys Hostel),1660.5
2026-08-22 07:00,Block A (Boys Hostel),1494.9
2026-08-22 08:00,Block A (Boys Hostel),1397.3
2026-08-22 09:00,Block A (Boys Hostel),826.3
2026-08-22 10:00,Block A (Boys Hostel),475.1
2026-08-22 11:00,Block A (Boys Hostel),521.8
2026-08-22 12:00,Block A (Boys Hostel),1094.2
2026-08-22 13:00,Block A (Boys Hostel),969.2
2026-08-22 14:00,Block A (Boys Hostel),503.0
2026-08-22 15:00,Block A (Boys Hostel),577.1
2026-08-22 16:00,Block A (Boys Hostel),840.9
2026-08-22 17:00,Block A (Boys Hostel),999.9
2026-08-22 18:00,Block A (Boys Hostel),1450.3
2026-08-22 19:00,Block A (Boys Hostel),1660.3
2026-08-22 20:00,Block A (Boys Hostel),1560.7
2026-08-22 21:00,Block A (Boys Hostel),942.5
2026-08-22 22:00,Block A (Boys Hostel),398.7
2026-08-22 23:00,Block A (Boys Hostel),193.7
2026-08-23 00:00,Block A (Boys Hostel),101.3
2026-08-23 01:00,Block A (Boys Hostel),50.5
2026-08-23 02:00,Block A (Boys Hostel),41.7
2026-08-23 03:00,Block A (Boys Hostel),36.9
2026-08-23 04:00,Block A (Boys Hostel),224.8
2026-08-23 05:00,Block A (Boys Hostel),660.5
2026-08-23 06:00,Block A (Boys Hostel),1957.5
2026-08-23 07:00,Block A (Boys Hostel),2027.0
2026-08-23 08:00,Block A (Boys Hostel),1327.4
2026-08-23 09:00,Block A (Boys Hostel),847.7
2026-08-23 10:00,Block A (Boys Hostel),519.2
2026-08-23 11:00,Block A (Boys Hostel),567.5
2026-08-23 12:00,Block A (Boys Hostel),956.5
2026-08-23 13:00,Block A (Boys Hostel),838.0
2026-08-23 14:00,Block A (Boys Hostel),538.4
2026-08-23 15:00,Block A (Boys Hostel),678.8
2026-08-23 16:00,Block A (Boys Hostel),869.3
2026-08-23 17:00,Block A (Boys Hostel),947.1
2026-08-23 18:00,Block A (Boys Hostel),1446.6
2026-08-23 19:00,Block A (Boys Hostel),1825.9
2026-08-23 20:00,Block A (Boys Hostel),1546.0
2026-08-23 21:00,Block A (Boys Hostel),789.5
2026-08-23 22:00,Block A (Boys Hostel),348.9
2026-08-23 23:00,Block A (Boys Hostel),144.0
2026-08-24 00:00,Block A (Boys Hostel),94.3
2026-08-24 01:00,Block A (Boys Hostel),58.2
2026-08-24 02:00,Block A (Boys Hostel),33.9
2026-08-24 03:00,Block A (Boys Hostel),42.8
2026-08-24 04:00,Block A (Boys Hostel),153.5
2026-08-24 05:00,Block A (Boys Hostel),593.5
2026-08-24 06:00,Block A (Boys Hostel),1663.6
2026-08-24 07:00,Block A (Boys Hostel),2228.8
2026-08-24 08:00,Block A (Boys Hostel),1731.0
2026-08-24 09:00,Block A (Boys Hostel),850.4
2026-08-24 10:00,Block A (Boys Hostel),609.9
2026-08-24 11:00,Block A (Boys Hostel),537.5
2026-08-24 12:00,Block A (Boys Hostel),881.4
2026-08-24 13:00,Block A (Boys Hostel),995.4
2026-08-24 14:00,Block A (Boys Hostel),582.3
2026-08-24 15:00,Block A (Boys Hostel),437.8
2026-08-24 16:00,Block A (Boys Hostel),847.6
2026-08-24 17:00,Block A (Boys Hostel),1049.0
2026-08-24 18:00,Block A (Boys Hostel),1331.9
2026-08-24 19:00,Block A (Boys Hostel),1885.5
2026-08-24 20:00,Block A (Boys Hostel),1525.4
2026-08-24 21:00,Block A (Boys Hostel),928.2
2026-08-24 22:00,Block A (Boys Hostel),336.2
2026-08-24 23:00,Block A (Boys Hostel),165.5
2026-08-25 00:00,Block A (Boys Hostel),89.7
2026-08-25 01:00,Block A (Boys Hostel),61.6
2026-08-25 02:00,Block A (Boys Hostel),38.3
2026-08-25 03:00,Block A (Boys Hostel),34.4
2026-08-25 04:00,Block A (Boys Hostel),196.7
2026-08-25 05:00,Block A (Boys Hostel),473.9
2026-08-25 06:00,Block A (Boys Hostel),1843.3
2026-08-25 07:00,Block A (Boys Hostel),1566.6
2026-08-25 08:00,Block A (Boys Hostel),1377.4
2026-08-25 09:00,Block A (Boys Hostel),779.1
2026-08-25 10:00,Block A (Boys Hostel),456.1
2026-08-25 11:00,Block A (Boys Hostel),615.2
2026-08-25 12:00,Block A (Boys Hostel),849.5
2026-08-25 13:00,Block A (Boys Hostel),937.4
2026-08-25 14:00,Block A (Boys Hostel),537.0
2026-08-25 15:00,Block A (Boys Hostel),570.9
2026-08-25 16:00,Block A (Boys Hostel),726.6
2026-08-25 17:00,Block A (Boys Hostel),761.4
2026-08-25 18:00,Block A (Boys Hostel),1612.2
2026-08-25 19:00,Block A (Boys Hostel),1693.3
2026-08-25 20:00,Block A (Boys Hostel),1171.0
2026-08-25 21:00,Block A (Boys Hostel),853.8
2026-08-25 22:00,Block A (Boys Hostel),424.8
2026-08-25 23:00,Block A (Boys Hostel),198.4
2026-08-26 00:00,Block A (Boys Hostel),86.2
2026-08-26 01:00,Block A (Boys Hostel),51.7
2026-08-26 02:00,Block A (Boys Hostel),34.6
2026-08-26 03:00,Block A (Boys Hostel),45.0
2026-08-26 04:00,Block A (Boys Hostel),188.2
2026-08-26 05:00,Block A (Boys Hostel),757.2
2026-08-26 06:00,Block A (Boys Hostel),1820.3
2026-08-26 07:00,Block A (Boys Hostel),2036.7
2026-08-26 08:00,Block A (Boys Hostel),1395.2
2026-08-26 09:00,Block A (Boys Hostel),878.8
2026-08-26 10:00,Block A (Boys Hostel),535.4
2026-08-26 11:00,Block A (Boys Hostel),537.6
2026-08-26 12:00,Block A (Boys Hostel),978.6
2026-08-26 13:00,Block A (Boys Hostel),905.6
2026-08-26 14:00,Block A (Boys Hostel),587.5
2026-08-26 15:00,Block A (Boys Hostel),534.8
2026-08-26 16:00,Block A (Boys Hostel),726.8
2026-08-26 17:00,Block A (Boys Hostel),684.2
2026-08-26 18:00,Block A (Boys Hostel),1598.3
2026-08-26 19:00,Block A (Boys Hostel),1874.8
2026-08-26 20:00,Block A (Boys Hostel),1612.5
2026-08-26 21:00,Block A (Boys Hostel),587.2
2026-08-26 22:00,Block A (Boys Hostel),450.2
2026-08-26 23:00,Block A (Boys Hostel),177.0
2026-08-27 00:00,Block A (Boys Hostel),102.0
2026-08-27 01:00,Block A (Boys Hostel),47.3
2026-08-27 02:00,Block A (Boys Hostel),38.6
2026-08-27 03:00,Block A (Boys Hostel),31.4
2026-08-27 04:00,Block A (Boys Hostel),166.5
2026-08-27 05:00,Block A (Boys Hostel),885.4
2026-08-27 06:00,Block A (Boys Hostel),1582.9
2026-08-27 07:00,Block A (Boys Hostel),2031.7
2026-08-27 08:00,Block A (Boys Hostel),1590.3
2026-08-27 09:00,Block A (Boys Hostel),953.5
2026-08-27 10:00,Block A (Boys Hostel),549.7
2026-08-27 11:00,Block A (Boys Hostel),563.6
2026-08-27 12:00,Block A (Boys Hostel),1159.6
2026-08-27 13:00,Block A (Boys Hostel),893.8
2026-08-27 14:00,Block A (Boys Hostel),553.0
2026-08-27 15:00,Block A (Boys Hostel),608.1
2026-08-27 16:00,Block A (Boys Hostel),815.5
2026-08-27 17:00,Block A (Boys Hostel),1028.2
2026-08-27 18:00,Block A (Boys Hostel),1550.4
2026-08-27 19:00,Block A (Boys Hostel),1553.1
2026-08-27 20:00,Block A (Boys Hostel),1722.3
2026-08-27 21:00,Block A (Boys Hostel),776.2
2026-08-27 22:00,Block A (Boys Hostel),373.1
2026-08-27 23:00,Block A (Boys Hostel),163.7
2026-08-28 00:00,Block A (Boys Hostel),89.3
2026-08-28 01:00,Block A (Boys Hostel),232.77522183443796
2026-08-28 02:00,Block A (Boys Hostel),215.36267367448988
2026-08-28 03:00,Block A (Boys Hostel),231.85867750462768
2026-08-28 04:00,Block A (Boys Hostel),184.915703210463
2026-08-28 05:00,Block A (Boys Hostel),759.2
2026-08-28 06:00,Block A (Boys Hostel),1572.5
2026-08-28 07:00,Block A (Boys Hostel),2209.1
2026-08-28 08:00,Block A (Boys Hostel),1645.5
2026-08-28 09:00,Block A (Boys Hostel),767.4
2026-08-28 10:00,Block A (Boys Hostel),578.7
2026-08-28 11:00,Block A (Boys Hostel),585.4
2026-08-28 12:00,Block A (Boys Hostel),867.9
2026-08-28 13:00,Block A (Boys Hostel),1048.6
2026-08-28 14:00,Block A (Boys Hostel),530.3
2026-08-28 15:00,Block A (Boys Hostel),548.1
2026-08-28 16:00,Block A (Boys Hostel),705.0
2026-08-28 17:00,Block A (Boys Hostel),901.7
2026-08-28 18:00,Block A (Boys Hostel),1250.6
2026-08-28 19:00,Block A (Boys Hostel),1488.9
2026-08-28 20:00,Block A (Boys Hostel),1715.5
2026-08-28 21:00,Block A (Boys Hostel),808.5
2026-08-28 22:00,Block A (Boys Hostel),317.2
2026-08-28 23:00,Block A (Boys Hostel),133.5
2026-08-29 00:00,Block A (Boys Hostel),83.1
2026-08-29 01:00,Block A (Boys Hostel),189.2116942716161
2026-08-29 02:00,Block A (Boys Hostel),250.6618881140979
2026-08-29 03:00,Block A (Boys Hostel),213.18605244170817
2026-08-29 04:00,Block A (Boys Hostel),210.9819529139873
2026-08-29 05:00,Block A (Boys Hostel),914.6
2026-08-29 06:00,Block A (Boys Hostel),1810.9
2026-08-29 07:00,Block A (Boys Hostel),1902.8
2026-08-29 08:00,Block A (Boys Hostel),1008.1
2026-08-29 09:00,Block A (Boys Hostel),1147.4
2026-08-29 10:00,Block A (Boys Hostel),450.0
2026-08-29 11:00,Block A (Boys Hostel),433.4
2026-08-29 12:00,Block A (Boys Hostel),1010.4
2026-08-29 13:00,Block A (Boys Hostel),1163.5
2026-08-29 14:00,Block A (Boys Hostel),629.7
2026-08-29 15:00,Block A (Boys Hostel),576.5
2026-08-29 16:00,Block A (Boys Hostel),771.4
2026-08-29 17:00,Block A (Boys Hostel),992.2
2026-08-29 18:00,Block A (Boys Hostel),1571.1
2026-08-29 19:00,Block A (Boys Hostel),1860.7
2026-08-29 20:00,Block A (Boys Hostel),1458.0
2026-08-29 21:00,Block A (Boys Hostel),893.2
2026-08-29 22:00,Block A (Boys Hostel),327.4
2026-08-29 23:00,Block A (Boys Hostel),173.9
2026-08-30 00:00,Block A (Boys Hostel),71.7
2026-08-30 01:00,Block A (Boys Hostel),259.81995112081603
2026-08-30 02:00,Block A (Boys Hostel),216.1391580785155
2026-08-30 03:00,Block A (Boys Hostel),208.378284538417
2026-08-30 04:00,Block A (Boys Hostel),212.05633334675733
2026-08-30 05:00,Block A (Boys Hostel),840.3
2026-08-30 06:00,Block A (Boys Hostel),1798.5
2026-08-30 07:00,Block A (Boys Hostel),1606.8
2026-08-30 08:00,Block A (Boys Hostel),1269.0
2026-08-30 09:00,Block A (Boys Hostel),1001.6
2026-08-30 10:00,Block A (Boys Hostel),476.3
2026-08-30 11:00,Block A (Boys Hostel),525.4
2026-08-30 12:00,Block A (Boys Hostel),959.4
2026-08-30 13:00,Block A (Boys Hostel),795.4
2026-08-30 14:00,Block A (Boys Hostel),546.8
2026-08-30 15:00,Block A (Boys Hostel),453.6
2026-08-30 16:00,Block A (Boys Hostel),668.0
2026-08-30 17:00,Block A (Boys Hostel),934.5
2026-08-30 18:00,Block A (Boys Hostel),1164.7
2026-08-30 19:00,Block A (Boys Hostel),1895.1
2026-08-30 20:00,Block A (Boys Hostel),1436.6
2026-08-30 21:00,Block A (Boys Hostel),959.7
2026-08-30 22:00,Block A (Boys Hostel),369.7
2026-08-30 23:00,Block A (Boys Hostel),209.5
2026-08-01 00:00,Block B (Girls Hostel),76.1
2026-08-01 01:00,Block B (Girls Hostel),42.7
2026-08-01 02:00,Block B (Girls Hostel),30.4
2026-08-01 03:00,Block B (Girls Hostel),32.0
2026-08-01 04:00,Block B (Girls Hostel),150.9
2026-08-01 05:00,Block B (Girls Hostel),602.9
2026-08-01 06:00,Block B (Girls Hostel),1236.3
2026-08-01 07:00,Block B (Girls Hostel),1518.7
2026-08-01 08:00,Block B (Girls Hostel),998.0
2026-08-01 09:00,Block B (Girls Hostel),907.5
2026-08-01 10:00,Block B (Girls Hostel),382.8
2026-08-01 11:00,Block B (Girls Hostel),412.6
2026-08-01 12:00,Block B (Girls Hostel),685.3
2026-08-01 13:00,Block B (Girls Hostel),830.5
2026-08-01 14:00,Block B (Girls Hostel),434.1
2026-08-01 15:00,Block B (Girls Hostel),517.4
2026-08-01 16:00,Block B (Girls Hostel),551.5
2026-08-01 17:00,Block B (Girls Hostel),775.1
2026-08-01 18:00,Block B (Girls Hostel),1079.7
2026-08-01 19:00,Block B (Girls Hostel),1886.1
2026-08-01 20:00,Block B (Girls Hostel),1029.0
2026-08-01 21:00,Block B (Girls Hostel),777.9
2026-08-01 22:00,Block B (Girls Hostel),322.8
2026-08-01 23:00,Block B (Girls Hostel),157.4
2026-08-02 00:00,Block B (Girls Hostel),73.3
2026-08-02 01:00,Block B (Girls Hostel),44.3
2026-08-02 02:00,Block B (Girls Hostel),30.2
2026-08-02 03:00,Block B (Girls Hostel),29.5
2026-08-02 04:00,Block B (Girls Hostel),167.3
2026-08-02 05:00,Block B (Girls Hostel),759.2
2026-08-02 06:00,Block B (Girls Hostel),1259.7
2026-08-02 07:00,Block B (Girls Hostel),1378.8
2026-08-02 08:00,Block B (Girls Hostel),1187.3
2026-08-02 09:00,Block B (Girls Hostel),982.2
2026-08-02 10:00,Block B (Girls Hostel),406.6
2026-08-02 11:00,Block B (Girls Hostel),538.5
2026-08-02 12:00,Block B (Girls Hostel),901.0
2026-08-02 13:00,Block B (Girls Hostel),700.2
2026-08-02 14:00,Block B (Girls Hostel),480.7
2026-08-02 15:00,Block B (Girls Hostel),537.9
2026-08-02 16:00,Block B (Girls Hostel),572.7
2026-08-02 17:00,Block B (Girls Hostel),731.7
2026-08-02 18:00,Block B (Girls Hostel),1116.2
2026-08-02 19:00,Block B (Girls Hostel),1317.3
2026-08-02 20:00,Block B (Girls Hostel),1106.5
2026-08-02 21:00,Block B (Girls Hostel),639.8
2026-08-02 22:00,Block B (Girls Hostel),301.2
2026-08-02 23:00,Block B (Girls Hostel),136.1
2026-08-03 00:00,Block B (Girls Hostel),77.1
2026-08-03 01:00,Block B (Girls Hostel),36.6
2026-08-03 02:00,Block B (Girls Hostel),31.2
2026-08-03 03:00,Block B (Girls Hostel),33.0
2026-08-03 04:00,Block B (Girls Hostel),114.1
2026-08-03 05:00,Block B (Girls Hostel),626.9
2026-08-03 06:00,Block B (Girls Hostel),1548.9
2026-08-03 07:00,Block B (Girls Hostel),1410.5
2026-08-03 08:00,Block B (Girls Hostel),1440.9
2026-08-03 09:00,Block B (Girls Hostel),787.7
2026-08-03 10:00,Block B (Girls Hostel),411.9
2026-08-03 11:00,Block B (Girls Hostel),447.0
2026-08-03 12:00,Block B (Girls Hostel),800.2
2026-08-03 13:00,Block B (Girls Hostel),756.8
2026-08-03 14:00,Block B (Girls Hostel),479.1
2026-08-03 15:00,Block B (Girls Hostel),400.3
2026-08-03 16:00,Block B (Girls Hostel),612.2
2026-08-03 17:00,Block B (Girls Hostel),622.8
2026-08-03 18:00,Block B (Girls Hostel),1184.0
2026-08-03 19:00,Block B (Girls Hostel),1337.3
2026-08-03 20:00,Block B (Girls Hostel),1094.1
2026-08-03 21:00,Block B (Girls Hostel),861.2
2026-08-03 22:00,Block B (Girls Hostel),339.3
2026-08-03 23:00,Block B (Girls Hostel),161.0
2026-08-04 00:00,Block B (Girls Hostel),65.2
2026-08-04 01:00,Block B (Girls Hostel),43.3
2026-08-04 02:00,Block B (Girls Hostel),34.4
2026-08-04 03:00,Block B (Girls Hostel),30.5
2026-08-04 04:00,Block B (Girls Hostel),191.7
2026-08-04 05:00,Block B (Girls Hostel),628.3
2026-08-04 06:00,Block B (Girls Hostel),1381.1
2026-08-04 07:00,Block B (Girls Hostel),1588.8
2026-08-04 08:00,Block B (Girls Hostel),1219.2
2026-08-04 09:00,Block B (Girls Hostel),736.3
2026-08-04 10:00,Block B (Girls Hostel),488.2
2026-08-04 11:00,Block B (Girls Hostel),501.7
2026-08-04 12:00,Block B (Girls Hostel),679.3
2026-08-04 13:00,Block B (Girls Hostel),630.2
2026-08-04 14:00,Block B (Girls Hostel),350.8
2026-08-04 15:00,Block B (Girls Hostel),477.4
2026-08-04 16:00,Block B (Girls Hostel),520.6
2026-08-04 17:00,Block B (Girls Hostel),556.2
2026-08-04 18:00,Block B (Girls Hostel),1256.0
2026-08-04 19:00,Block B (Girls Hostel),1948.7
2026-08-04 20:00,Block B (Girls Hostel),1199.1
2026-08-04 21:00,Block B (Girls Hostel),825.5
2026-08-04 22:00,Block B (Girls Hostel),302.9
2026-08-04 23:00,Block B (Girls Hostel),148.2
2026-08-05 00:00,Block B (Girls Hostel),83.3
2026-08-05 01:00,Block B (Girls Hostel),43.4
2026-08-05 02:00,Block B (Girls Hostel),31.0
2026-08-05 03:00,Block B (Girls Hostel),31.2
2026-08-05 04:00,Block B (Girls Hostel),138.0
2026-08-05 05:00,Block B (Girls Hostel),671.4
2026-08-05 06:00,Block B (Girls Hostel),1321.7
2026-08-05 07:00,Block B (Girls Hostel),1500.4
2026-08-05 08:00,Block B (Girls Hostel),1277.3
2026-08-05 09:00,Block B (Girls Hostel),669.1
2026-08-05 10:00,Block B (Girls Hostel),451.5
2026-08-05 11:00,Block B (Girls Hostel),449.5
2026-08-05 12:00,Block B (Girls Hostel),847.7
2026-08-05 13:00,Block B (Girls Hostel),792.7
2026-08-05 14:00,Block B (Girls Hostel),448.6
2026-08-05 15:00,Block B (Girls Hostel),494.2
2026-08-05 16:00,Block B (Girls Hostel),700.1
2026-08-05 17:00,Block B (Girls Hostel),800.2
2026-08-05 18:00,Block B (Girls Hostel),1201.5
2026-08-05 19:00,Block B (Girls Hostel),1263.9
2026-08-05 20:00,Block B (Girls Hostel),1046.6
2026-08-05 21:00,Block B (Girls Hostel),722.5
2026-08-05 22:00,Block B (Girls Hostel),278.1
2026-08-05 23:00,Block B (Girls Hostel),146.6
2026-08-06 00:00,Block B (Girls Hostel),75.5
2026-08-06 01:00,Block B (Girls Hostel),47.9
2026-08-06 02:00,Block B (Girls Hostel),29.7
2026-08-06 03:00,Block B (Girls Hostel),31.8
2026-08-06 04:00,Block B (Girls Hostel),151.2
2026-08-06 05:00,Block B (Girls Hostel),457.8
2026-08-06 06:00,Block B (Girls Hostel),1197.8
2026-08-06 07:00,Block B (Girls Hostel),1621.5
2026-08-06 08:00,Block B (Girls Hostel),1025.8
2026-08-06 09:00,Block B (Girls Hostel),804.0
2026-08-06 10:00,Block B (Girls Hostel),532.7
2026-08-06 11:00,Block B (Girls Hostel),515.8
2026-08-06 12:00,Block B (Girls Hostel),730.8
2026-08-06 13:00,Block B (Girls Hostel),884.2
2026-08-06 14:00,Block B (Girls Hostel),458.0
2026-08-06 15:00,Block B (Girls Hostel),431.8
2026-08-06 16:00,Block B (Girls Hostel),555.8
2026-08-06 17:00,Block B (Girls Hostel),722.8
2026-08-06 18:00,Block B (Girls Hostel),1144.1
2026-08-06 19:00,Block B (Girls Hostel),1530.7
2026-08-06 20:00,Block B (Girls Hostel),1223.1
2026-08-06 21:00,Block B (Girls Hostel),750.3
2026-08-06 22:00,Block B (Girls Hostel),315.7
2026-08-06 23:00,Block B (Girls Hostel),171.4
2026-08-07 00:00,Block B (Girls Hostel),83.5
2026-08-07 01:00,Block B (Girls Hostel),37.0
2026-08-07 02:00,Block B (Girls Hostel),20.8
2026-08-07 03:00,Block B (Girls Hostel),33.4
2026-08-07 04:00,Block B (Girls Hostel),125.4
2026-08-07 05:00,Block B (Girls Hostel),583.8
2026-08-07 06:00,Block B (Girls Hostel),1160.4
2026-08-07 07:00,Block B (Girls Hostel),1293.2
2026-08-07 08:00,Block B (Girls Hostel),1278.0
2026-08-07 09:00,Block B (Girls Hostel),818.3
2026-08-07 10:00,Block B (Girls Hostel),418.9
2026-08-07 11:00,Block B (Girls Hostel),310.1
2026-08-07 12:00,Block B (Girls Hostel),700.8
2026-08-07 13:00,Block B (Girls Hostel),785.3
2026-08-07 14:00,Block B (Girls Hostel),370.1
2026-08-07 15:00,Block B (Girls Hostel),459.9
2026-08-07 16:00,Block B (Girls Hostel),598.9
2026-08-07 17:00,Block B (Girls Hostel),802.1
2026-08-07 18:00,Block B (Girls Hostel),1217.2
2026-08-07 19:00,Block B (Girls Hostel),1324.8
2026-08-07 20:00,Block B (Girls Hostel),1372.3
2026-08-07 21:00,Block B (Girls Hostel),735.7
2026-08-07 22:00,Block B (Girls Hostel),299.0
2026-08-07 23:00,Block B (Girls Hostel),133.2
2026-08-08 00:00,Block B (Girls Hostel),71.0
2026-08-08 01:00,Block B (Girls Hostel),40.2
2026-08-08 02:00,Block B (Girls Hostel),29.4
2026-08-08 03:00,Block B (Girls Hostel),36.2
2026-08-08 04:00,Block B (Girls Hostel),125.3
2026-08-08 05:00,Block B (Girls Hostel),483.8
2026-08-08 06:00,Block B (Girls Hostel),1588.3
2026-08-08 07:00,Block B (Girls Hostel),1608.6
2026-08-08 08:00,Block B (Girls Hostel),1103.7
2026-08-08 09:00,Block B (Girls Hostel),843.6
2026-08-08 10:00,Block B (Girls Hostel),417.3
2026-08-08 11:00,Block B (Girls Hostel),548.6
2026-08-08 12:00,Block B (Girls Hostel),811.0
2026-08-08 13:00,Block B (Girls Hostel),706.1
2026-08-08 14:00,Block B (Girls Hostel),566.5
2026-08-08 15:00,Block B (Girls Hostel),417.3
2026-08-08 16:00,Block B (Girls Hostel),653.4
2026-08-08 17:00,Block B (Girls Hostel),776.9
2026-08-08 18:00,Block B (Girls Hostel),1387.5
2026-08-08 19:00,Block B (Girls Hostel),1781.1
2026-08-08 20:00,Block B (Girls Hostel),1204.6
2026-08-08 21:00,Block B (Girls Hostel),682.2
2026-08-08 22:00,Block B (Girls Hostel),316.6
2026-08-08 23:00,Block B (Girls Hostel),137.8
2026-08-09 00:00,Block B (Girls Hostel),93.1
2026-08-09 01:00,Block B (Girls Hostel),45.7
2026-08-09 02:00,Block B (Girls Hostel),28.7
2026-08-09 03:00,Block B (Girls Hostel),30.7
2026-08-09 04:00,Block B (Girls Hostel),125.8
2026-08-09 05:00,Block B (Girls Hostel),530.0
2026-08-09 06:00,Block B (Girls Hostel),1544.5
2026-08-09 07:00,Block B (Girls Hostel),1519.9
2026-08-09 08:00,Block B (Girls Hostel),1049.2
2026-08-09 09:00,Block B (Girls Hostel),798.3
2026-08-09 10:00,Block B (Girls Hostel),514.0
2026-08-09 11:00,Block B (Girls Hostel),488.8
2026-08-09 12:00,Block B (Girls Hostel),839.6
2026-08-09 13:00,Block B (Girls Hostel),681.9
2026-08-09 14:00,Block B (Girls Hostel),373.2
2026-08-09 15:00,Block B (Girls Hostel),531.1
2026-08-09 16:00,Block B (Girls Hostel),576.8
2026-08-09 17:00,Block B (Girls Hostel),727.4
2026-08-09 18:00,Block B (Girls Hostel),1391.3
2026-08-09 19:00,Block B (Girls Hostel),1600.1
2026-08-09 20:00,Block B (Girls Hostel),1265.6
2026-08-09 21:00,Block B (Girls Hostel),944.9
2026-08-09 22:00,Block B (Girls Hostel),276.8
2026-08-09 23:00,Block B (Girls Hostel),166.7
2026-08-10 00:00,Block B (Girls Hostel),75.5
2026-08-10 01:00,Block B (Girls Hostel),46.5
2026-08-10 02:00,Block B (Girls Hostel),35.5
2026-08-10 03:00,Block B (Girls Hostel),31.8
2026-08-10 04:00,Block B (Girls Hostel),159.7
2026-08-10 05:00,Block B (Girls Hostel),677.2
2026-08-10 06:00,Block B (Girls Hostel),1290.9
2026-08-10 07:00,Block B (Girls Hostel),1483.8
2026-08-10 08:00,Block B (Girls Hostel),1049.5
2026-08-10 09:00,Block B (Girls Hostel),573.0
2026-08-10 10:00,Block B (Girls Hostel),561.0
2026-08-10 11:00,Block B (Girls Hostel),390.4
2026-08-10 12:00,Block B (Girls Hostel),730.1
2026-08-10 13:00,Block B (Girls Hostel),725.1
2026-08-10 14:00,Block B (Girls Hostel),466.6
2026-08-10 15:00,Block B (Girls Hostel),494.0
2026-08-10 16:00,Block B (Girls Hostel),662.0
2026-08-10 17:00,Block B (Girls Hostel),697.5
2026-08-10 18:00,Block B (Girls Hostel),1175.9
2026-08-10 19:00,Block B (Girls Hostel),1550.9
2026-08-10 20:00,Block B (Girls Hostel),1164.2
2026-08-10 21:00,Block B (Girls Hostel),894.7
2026-08-10 22:00,Block B (Girls Hostel),317.7
2026-08-10 23:00,Block B (Girls Hostel),163.2
2026-08-11 00:00,Block B (Girls Hostel),81.0
2026-08-11 01:00,Block B (Girls Hostel),51.3
2026-08-11 02:00,Block B (Girls Hostel),30.7
2026-08-11 03:00,Block B (Girls Hostel),25.3
2026-08-11 04:00,Block B (Girls Hostel),157.2
2026-08-11 05:00,Block B (Girls Hostel),553.1
2026-08-11 06:00,Block B (Girls Hostel),1264.4
2026-08-11 07:00,Block B (Girls Hostel),1766.1
2026-08-11 08:00,Block B (Girls Hostel),1378.3
2026-08-11 09:00,Block B (Girls Hostel),751.9
2026-08-11 10:00,Block B (Girls Hostel),466.7
2026-08-11 11:00,Block B (Girls Hostel),541.9
2026-08-11 12:00,Block B (Girls Hostel),771.7
2026-08-11 13:00,Block B (Girls Hostel),984.2
2026-08-11 14:00,Block B (Girls Hostel),480.5
2026-08-11 15:00,Block B (Girls Hostel),354.9
2026-08-11 16:00,Block B (Girls Hostel),654.2
2026-08-11 17:00,Block B (Girls Hostel),784.3
2026-08-11 18:00,Block B (Girls Hostel),1385.7
2026-08-11 19:00,Block B (Girls Hostel),1621.2
2026-08-11 20:00,Block B (Girls Hostel),1180.1
2026-08-11 21:00,Block B (Girls Hostel),639.8
2026-08-11 22:00,Block B (Girls Hostel),292.5
2026-08-11 23:00,Block B (Girls Hostel),134.7
2026-08-12 00:00,Block B (Girls Hostel),69.8
2026-08-12 01:00,Block B (Girls Hostel),48.2
2026-08-12 02:00,Block B (Girls Hostel),36.0
2026-08-12 03:00,Block B (Girls Hostel),31.4
2026-08-12 04:00,Block B (Girls Hostel),128.5
2026-08-12 05:00,Block B (Girls Hostel),632.0
2026-08-12 06:00,Block B (Girls Hostel),1543.9
2026-08-12 07:00,Block B (Girls Hostel),1529.3
2026-08-12 08:00,Block B (Girls Hostel),1180.7
2026-08-12 09:00,Block B (Girls Hostel),751.3
2026-08-12 10:00,Block B (Girls Hostel),407.6
2026-08-12 11:00,Block B (Girls Hostel),485.0
2026-08-12 12:00,Block B (Girls Hostel),739.1
2026-08-12 13:00,Block B (Girls Hostel),787.8
2026-08-12 14:00,Block B (Girls Hostel),402.1
2026-08-12 15:00,Block B (Girls Hostel),426.4
2026-08-12 16:00,Block B (Girls Hostel),652.0
2026-08-12 17:00,Block B (Girls Hostel),716.4
2026-08-12 18:00,Block B (Girls Hostel),1448.7
2026-08-12 19:00,Block B (Girls Hostel),1428.1
2026-08-12 20:00,Block B (Girls Hostel),1232.4
2026-08-12 21:00,Block B (Girls Hostel),833.9
2026-08-12 22:00,Block B (Girls Hostel),248.9
2026-08-12 23:00,Block B (Girls Hostel),118.3
2026-08-13 00:00,Block B (Girls Hostel),61.3
2026-08-13 01:00,Block B (Girls Hostel),51.8
2026-08-13 02:00,Block B (Girls Hostel),28.0
2026-08-13 03:00,Block B (Girls Hostel),39.2
2026-08-13 04:00,Block B (Girls Hostel),139.8
2026-08-13 05:00,Block B (Girls Hostel),613.3
2026-08-13 06:00,Block B (Girls Hostel),1599.8
2026-08-13 07:00,Block B (Girls Hostel),2047.2
2026-08-13 08:00,Block B (Girls Hostel),1496.9
2026-08-13 09:00,Block B (Girls Hostel),858.8
2026-08-13 10:00,Block B (Girls Hostel),505.3
2026-08-13 11:00,Block B (Girls Hostel),482.0
2026-08-13 12:00,Block B (Girls Hostel),820.1
2026-08-13 13:00,Block B (Girls Hostel),700.4
2026-08-13 14:00,Block B (Girls Hostel),405.8
2026-08-13 15:00,Block B (Girls Hostel),449.8
2026-08-13 16:00,Block B (Girls Hostel),587.7
2026-08-13 17:00,Block B (Girls Hostel),709.2
2026-08-13 18:00,Block B (Girls Hostel),1300.3
2026-08-13 19:00,Block B (Girls Hostel),1672.0
2026-08-13 20:00,Block B (Girls Hostel),1212.7
2026-08-13 21:00,Block B (Girls Hostel),883.0
2026-08-13 22:00,Block B (Girls Hostel),258.9
2026-08-13 23:00,Block B (Girls Hostel),146.5
2026-08-14 00:00,Block B (Girls Hostel),68.5
2026-08-14 01:00,Block B (Girls Hostel),34.9
2026-08-14 02:00,Block B (Girls Hostel),29.7
2026-08-14 03:00,Block B (Girls Hostel),29.6
2026-08-14 04:00,Block B (Girls Hostel),177.2
2026-08-14 05:00,Block B (Girls Hostel),645.4
2026-08-14 06:00,Block B (Girls Hostel),1184.1
2026-08-14 07:00,Block B (Girls Hostel),2017.1
2026-08-14 08:00,Block B (Girls Hostel),1375.8
2026-08-14 09:00,Block B (Girls Hostel),802.4
2026-08-14 10:00,Block B (Girls Hostel),437.8
2026-08-14 11:00,Block B (Girls Hostel),398.2
2026-08-14 12:00,Block B (Girls Hostel),716.5
2026-08-14 13:00,Block B (Girls Hostel),848.0
2026-08-14 14:00,Block B (Girls Hostel),551.8
2026-08-14 15:00,Block B (Girls Hostel),533.3
2026-08-14 16:00,Block B (Girls Hostel),564.8
2026-08-14 17:00,Block B (Girls Hostel),649.2
2026-08-14 18:00,Block B (Girls Hostel),1220.3
2026-08-14 19:00,Block B (Girls Hostel),1181.7
2026-08-14 20:00,Block B (Girls Hostel),1246.5
2026-08-14 21:00,Block B (Girls Hostel),736.7
2026-08-14 22:00,Block B (Girls Hostel),283.2
2026-08-14 23:00,Block B (Girls Hostel),121.3
2026-08-15 00:00,Block B (Girls Hostel),79.6
2026-08-15 01:00,Block B (Girls Hostel),42.1
2026-08-15 02:00,Block B (Girls Hostel),25.8
2026-08-15 03:00,Block B (Girls Hostel),19.7
2026-08-15 04:00,Block B (Girls Hostel),149.5
2026-08-15 05:00,Block B (Girls Hostel),727.6
2026-08-15 06:00,Block B (Girls Hostel),1619.1
2026-08-15 07:00,Block B (Girls Hostel),1559.5
2026-08-15 08:00,Block B (Girls Hostel),1113.3
2026-08-15 09:00,Block B (Girls Hostel),792.2
2026-08-15 10:00,Block B (Girls Hostel),396.1
2026-08-15 11:00,Block B (Girls Hostel),466.3
2026-08-15 12:00,Block B (Girls Hostel),818.9
2026-08-15 13:00,Block B (Girls Hostel),860.4
2026-08-15 14:00,Block B (Girls Hostel),444.6
2026-08-15 15:00,Block B (Girls Hostel),439.0
2026-08-15 16:00,Block B (Girls Hostel),536.8
2026-08-15 17:00,Block B (Girls Hostel),675.6
2026-08-15 18:00,Block B (Girls Hostel),1167.4
2026-08-15 19:00,Block B (Girls Hostel),1566.1
2026-08-15 20:00,Block B (Girls Hostel),1331.6
2026-08-15 21:00,Block B (Girls Hostel),677.7
2026-08-15 22:00,Block B (Girls Hostel),353.7
2026-08-15 23:00,Block B (Girls Hostel),145.1
2026-08-16 00:00,Block B (Girls Hostel),74.8
2026-08-16 01:00,Block B (Girls Hostel),41.0
2026-08-16 02:00,Block B (Girls Hostel),21.3
2026-08-16 03:00,Block B (Girls Hostel),33.2
2026-08-16 04:00,Block B (Girls Hostel),163.3
2026-08-16 05:00,Block B (Girls Hostel),579.7
2026-08-16 06:00,Block B (Girls Hostel),1360.9
2026-08-16 07:00,Block B (Girls Hostel),1752.2
2026-08-16 08:00,Block B (Girls Hostel),975.0
2026-08-16 09:00,Block B (Girls Hostel),702.4
2026-08-16 10:00,Block B (Girls Hostel),492.9
2026-08-16 11:00,Block B (Girls Hostel),382.3
2026-08-16 12:00,Block B (Girls Hostel),776.4
2026-08-16 13:00,Block B (Girls Hostel),627.9
2026-08-16 14:00,Block B (Girls Hostel),475.2
2026-08-16 15:00,Block B (Girls Hostel),448.1
2026-08-16 16:00,Block B (Girls Hostel),483.7
2026-08-16 17:00,Block B (Girls Hostel),854.8
2026-08-16 18:00,Block B (Girls Hostel),1094.2
2026-08-16 19:00,Block B (Girls Hostel),1354.2
2026-08-16 20:00,Block B (Girls Hostel),1228.9
2026-08-16 21:00,Block B (Girls Hostel),853.4
2026-08-16 22:00,Block B (Girls Hostel),263.4
2026-08-16 23:00,Block B (Girls Hostel),151.1
2026-08-17 00:00,Block B (Girls Hostel),78.9
2026-08-17 01:00,Block B (Girls Hostel),48.7
2026-08-17 02:00,Block B (Girls Hostel),30.6
2026-08-17 03:00,Block B (Girls Hostel),28.7
2026-08-17 04:00,Block B (Girls Hostel),135.1
2026-08-17 05:00,Block B (Girls Hostel),606.2
2026-08-17 06:00,Block B (Girls Hostel),1176.3
2026-08-17 07:00,Block B (Girls Hostel),1071.6
2026-08-17 08:00,Block B (Girls Hostel),1262.9
2026-08-17 09:00,Block B (Girls Hostel),831.4
2026-08-17 10:00,Block B (Girls Hostel),322.4
2026-08-17 11:00,Block B (Girls Hostel),395.5
2026-08-17 12:00,Block B (Girls Hostel),805.7
2026-08-17 13:00,Block B (Girls Hostel),935.2
2026-08-17 14:00,Block B (Girls Hostel),451.1
2026-08-17 15:00,Block B (Girls Hostel),410.7
2026-08-17 16:00,Block B (Girls Hostel),586.8
2026-08-17 17:00,Block B (Girls Hostel),873.7
2026-08-17 18:00,Block B (Girls Hostel),1107.0
2026-08-17 19:00,Block B (Girls Hostel),1356.1
2026-08-17 20:00,Block B (Girls Hostel),1130.5
2026-08-17 21:00,Block B (Girls Hostel),664.2
2026-08-17 22:00,Block B (Girls Hostel),304.4
2026-08-17 23:00,Block B (Girls Hostel),179.2
2026-08-18 00:00,Block B (Girls Hostel),77.9
2026-08-18 01:00,Block B (Girls Hostel),43.6
2026-08-18 02:00,Block B (Girls Hostel),28.9
2026-08-18 03:00,Block B (Girls Hostel),24.4
2026-08-18 04:00,Block B (Girls Hostel),165.9
2026-08-18 05:00,Block B (Girls Hostel),594.4
2026-08-18 06:00,Block B (Girls Hostel),1320.8
2026-08-18 07:00,Block B (Girls Hostel),2282.2
2026-08-18 08:00,Block B (Girls Hostel),1243.0
2026-08-18 09:00,Block B (Girls Hostel),682.3
2026-08-18 10:00,Block B (Girls Hostel),427.0
2026-08-18 11:00,Block B (Girls Hostel),512.0
2026-08-18 12:00,Block B (Girls Hostel),760.2
2026-08-18 13:00,Block B (Girls Hostel),620.6
2026-08-18 14:00,Block B (Girls Hostel),499.6
2026-08-18 15:00,Block B (Girls Hostel),413.9
2026-08-18 16:00,Block B (Girls Hostel),734.9
2026-08-18 17:00,Block B (Girls Hostel),847.2
2026-08-18 18:00,Block B (Girls Hostel),1135.6
2026-08-18 19:00,Block B (Girls Hostel),1730.6
2026-08-18 20:00,Block B (Girls Hostel),1209.8
2026-08-18 21:00,Block B (Girls Hostel),826.7
2026-08-18 22:00,Block B (Girls Hostel),317.5
2026-08-18 23:00,Block B (Girls Hostel),134.8
2026-08-19 00:00,Block B (Girls Hostel),69.2
2026-08-19 01:00,Block B (Girls Hostel),50.6
2026-08-19 02:00,Block B (Girls Hostel),28.8
2026-08-19 03:00,Block B (Girls Hostel),28.5
2026-08-19 04:00,Block B (Girls Hostel),132.8
2026-08-19 05:00,Block B (Girls Hostel),630.5
2026-08-19 06:00,Block B (Girls Hostel),1684.1
2026-08-19 07:00,Block B (Girls Hostel),1438.6
2026-08-19 08:00,Block B (Girls Hostel),1203.5
2026-08-19 09:00,Block B (Girls Hostel),877.1
2026-08-19 10:00,Block B (Girls Hostel),445.7
2026-08-19 11:00,Block B (Girls Hostel),474.4
2026-08-19 12:00,Block B (Girls Hostel),654.4
2026-08-19 13:00,Block B (Girls Hostel),788.5
2026-08-19 14:00,Block B (Girls Hostel),439.9
2026-08-19 15:00,Block B (Girls Hostel),503.2
2026-08-19 16:00,Block B (Girls Hostel),685.5
2026-08-19 17:00,Block B (Girls Hostel),983.1
2026-08-19 18:00,Block B (Girls Hostel),1283.5
2026-08-19 19:00,Block B (Girls Hostel),1558.6
2026-08-19 20:00,Block B (Girls Hostel),1228.0
2026-08-19 21:00,Block B (Girls Hostel),718.2
2026-08-19 22:00,Block B (Girls Hostel),312.2
2026-08-19 23:00,Block B (Girls Hostel),144.7
2026-08-20 00:00,Block B (Girls Hostel),76.5
2026-08-20 01:00,Block B (Girls Hostel),52.1
2026-08-20 02:00,Block B (Girls Hostel),26.4
2026-08-20 03:00,Block B (Girls Hostel),34.1
2026-08-20 04:00,Block B (Girls Hostel),173.7
2026-08-20 05:00,Block B (Girls Hostel),591.5
2026-08-20 06:00,Block B (Girls Hostel),1006.3
2026-08-20 07:00,Block B (Girls Hostel),1529.7
2026-08-20 08:00,Block B (Girls Hostel),1386.8
2026-08-20 09:00,Block B (Girls Hostel),747.9
2026-08-20 10:00,Block B (Girls Hostel),396.0
2026-08-20 11:00,Block B (Girls Hostel),422.7
2026-08-20 12:00,Block B (Girls Hostel),825.7
2026-08-20 13:00,Block B (Girls Hostel),799.2
2026-08-20 14:00,Block B (Girls Hostel),437.1
2026-08-20 15:00,Block B (Girls Hostel),430.2
2026-08-20 16:00,Block B (Girls Hostel),571.8
2026-08-20 17:00,Block B (Girls Hostel),667.0
2026-08-20 18:00,Block B (Girls Hostel),1432.6
2026-08-20 19:00,Block B (Girls Hostel),1442.0
2026-08-20 20:00,Block B (Girls Hostel),1375.3
2026-08-20 21:00,Block B (Girls Hostel),886.9
2026-08-20 22:00,Block B (Girls Hostel),335.9
2026-08-20 23:00,Block B (Girls Hostel),142.2
2026-08-21 00:00,Block B (Girls Hostel),78.6
2026-08-21 01:00,Block B (Girls Hostel),44.9
2026-08-21 02:00,Block B (Girls Hostel),26.7
2026-08-21 03:00,Block B (Girls Hostel),31.2
2026-08-21 04:00,Block B (Girls Hostel),128.8
2026-08-21 05:00,Block B (Girls Hostel),685.5
2026-08-21 06:00,Block B (Girls Hostel),1274.7
2026-08-21 07:00,Block B (Girls Hostel),1689.8
2026-08-21 08:00,Block B (Girls Hostel),1240.8
2026-08-21 09:00,Block B (Girls Hostel),726.7
2026-08-21 10:00,Block B (Girls Hostel),481.7
2026-08-21 11:00,Block B (Girls Hostel),424.4
2026-08-21 12:00,Block B (Girls Hostel),828.4
2026-08-21 13:00,Block B (Girls Hostel),628.9
2026-08-21 14:00,Block B (Girls Hostel),456.8
2026-08-21 15:00,Block B (Girls Hostel),554.7
2026-08-21 16:00,Block B (Girls Hostel),528.0
2026-08-21 17:00,Block B (Girls Hostel),689.0
2026-08-21 18:00,Block B (Girls Hostel),1274.0
2026-08-21 19:00,Block B (Girls Hostel),1532.3
2026-08-21 20:00,Block B (Girls Hostel),1250.5
2026-08-21 21:00,Block B (Girls Hostel),794.0
2026-08-21 22:00,Block B (Girls Hostel),322.8
2026-08-21 23:00,Block B (Girls Hostel),170.0
2026-08-22 00:00,Block B (Girls Hostel),78.7
2026-08-22 01:00,Block B (Girls Hostel),43.7
2026-08-22 02:00,Block B (Girls Hostel),32.4
2026-08-22 03:00,Block B (Girls Hostel),36.8
2026-08-22 04:00,Block B (Girls Hostel),147.6
2026-08-22 05:00,Block B (Girls Hostel),529.8
2026-08-22 06:00,Block B (Girls Hostel),1529.3
2026-08-22 07:00,Block B (Girls Hostel),1626.2
2026-08-22 08:00,Block B (Girls Hostel),887.1
2026-08-22 09:00,Block B (Girls Hostel),826.3
2026-08-22 10:00,Block B (Girls Hostel),421.1
2026-08-22 11:00,Block B (Girls Hostel),445.1
2026-08-22 12:00,Block B (Girls Hostel),779.9
2026-08-22 13:00,Block B (Girls Hostel),767.1
2026-08-22 14:00,Block B (Girls Hostel),488.3
2026-08-22 15:00,Block B (Girls Hostel),426.5
2026-08-22 16:00,Block B (Girls Hostel),636.9
2026-08-22 17:00,Block B (Girls Hostel),726.6
2026-08-22 18:00,Block B (Girls Hostel),1306.4
2026-08-22 19:00,Block B (Girls Hostel),1610.8
2026-08-22 20:00,Block B (Girls Hostel),1065.3
2026-08-22 21:00,Block B (Girls Hostel),847.7
2026-08-22 22:00,Block B (Girls Hostel),280.7
2026-08-22 23:00,Block B (Girls Hostel),164.5
2026-08-23 00:00,Block B (Girls Hostel),78.3
2026-08-23 01:00,Block B (Girls Hostel),54.9
2026-08-23 02:00,Block B (Girls Hostel),29.2
2026-08-23 03:00,Block B (Girls Hostel),28.7
2026-08-23 04:00,Block B (Girls Hostel),149.7
2026-08-23 05:00,Block B (Girls Hostel),578.2
2026-08-23 06:00,Block B (Girls Hostel),1479.6
2026-08-23 07:00,Block B (Girls Hostel),1330.0
2026-08-23 08:00,Block B (Girls Hostel),1048.3
2026-08-23 09:00,Block B (Girls Hostel),653.9
2026-08-23 10:00,Block B (Girls Hostel),501.3
2026-08-23 11:00,Block B (Girls Hostel),542.4
2026-08-23 12:00,Block B (Girls Hostel),740.6
2026-08-23 13:00,Block B (Girls Hostel),734.8
2026-08-23 14:00,Block B (Girls Hostel),453.8
2026-08-23 15:00,Block B (Girls Hostel),512.7
2026-08-23 16:00,Block B (Girls Hostel),533.2
2026-08-23 17:00,Block B (Girls Hostel),771.5
2026-08-23 18:00,Block B (Girls Hostel),1340.4
2026-08-23 19:00,Block B (Girls Hostel),1590.2
2026-08-23 20:00,Block B (Girls Hostel),1227.3
2026-08-23 21:00,Block B (Girls Hostel),840.1
2026-08-23 22:00,Block B (Girls Hostel),202.7
2026-08-23 23:00,Block B (Girls Hostel),162.2
2026-08-24 00:00,Block B (Girls Hostel),69.1
2026-08-24 01:00,Block B (Girls Hostel),35.1
2026-08-24 02:00,Block B (Girls Hostel),31.8
2026-08-24 03:00,Block B (Girls Hostel),34.9
2026-08-24 04:00,Block B (Girls Hostel),147.5
2026-08-24 05:00,Block B (Girls Hostel),668.6
2026-08-24 06:00,Block B (Girls Hostel),1611.2
2026-08-24 07:00,Block B (Girls Hostel),1910.4
2026-08-24 08:00,Block B (Girls Hostel),1436.2
2026-08-24 09:00,Block B (Girls Hostel),816.8
2026-08-24 10:00,Block B (Girls Hostel),454.1
2026-08-24 11:00,Block B (Girls Hostel),363.5
2026-08-24 12:00,Block B (Girls Hostel),727.9
2026-08-24 13:00,Block B (Girls Hostel),674.1
2026-08-24 14:00,Block B (Girls Hostel),567.2
2026-08-24 15:00,Block B (Girls Hostel),440.5
2026-08-24 16:00,Block B (Girls Hostel),608.9
2026-08-24 17:00,Block B (Girls Hostel),799.6
2026-08-24 18:00,Block B (Girls Hostel),1206.3
2026-08-24 19:00,Block B (Girls Hostel),1805.1
2026-08-24 20:00,Block B (Girls Hostel),1110.3
2026-08-24 21:00,Block B (Girls Hostel),767.5
2026-08-24 22:00,Block B (Girls Hostel),273.3
2026-08-24 23:00,Block B (Girls Hostel),126.2
2026-08-25 00:00,Block B (Girls Hostel),69.5
2026-08-25 01:00,Block B (Girls Hostel),44.8
2026-08-25 02:00,Block B (Girls Hostel),28.5
2026-08-25 03:00,Block B (Girls Hostel),27.5
2026-08-25 04:00,Block B (Girls Hostel),124.7
2026-08-25 05:00,Block B (Girls Hostel),594.0
2026-08-25 06:00,Block B (Girls Hostel),1106.2
2026-08-25 07:00,Block B (Girls Hostel),1800.5
2026-08-25 08:00,Block B (Girls Hostel),1211.9
2026-08-25 09:00,Block B (Girls Hostel),618.8
2026-08-25 10:00,Block B (Girls Hostel),433.3
2026-08-25 11:00,Block B (Girls Hostel),409.4
2026-08-25 12:00,Block B (Girls Hostel),778.7
2026-08-25 13:00,Block B (Girls Hostel),870.6
2026-08-25 14:00,Block B (Girls Hostel),348.7
2026-08-25 15:00,Block B (Girls Hostel),456.2
2026-08-25 16:00,Block B (Girls Hostel),588.5
2026-08-25 17:00,Block B (Girls Hostel),810.4
2026-08-25 18:00,Block B (Girls Hostel),1230.7
2026-08-25 19:00,Block B (Girls Hostel),1364.6
2026-08-25 20:00,Block B (Girls Hostel),1154.1
2026-08-25 21:00,Block B (Girls Hostel),678.4
2026-08-25 22:00,Block B (Girls Hostel),338.7
2026-08-25 23:00,Block B (Girls Hostel),150.4
2026-08-26 00:00,Block B (Girls Hostel),92.1
2026-08-26 01:00,Block B (Girls Hostel),44.7
2026-08-26 02:00,Block B (Girls Hostel),27.4
2026-08-26 03:00,Block B (Girls Hostel),24.6
2026-08-26 04:00,Block B (Girls Hostel),117.5
2026-08-26 05:00,Block B (Girls Hostel),485.9
2026-08-26 06:00,Block B (Girls Hostel),1393.3
2026-08-26 07:00,Block B (Girls Hostel),1750.7
2026-08-26 08:00,Block B (Girls Hostel),972.3
2026-08-26 09:00,Block B (Girls Hostel),830.6
2026-08-26 10:00,Block B (Girls Hostel),423.9
2026-08-26 11:00,Block B (Girls Hostel),457.9
2026-08-26 12:00,Block B (Girls Hostel),895.1
2026-08-26 13:00,Block B (Girls Hostel),830.7
2026-08-26 14:00,Block B (Girls Hostel),435.5
2026-08-26 15:00,Block B (Girls Hostel),401.9
2026-08-26 16:00,Block B (Girls Hostel),445.1
2026-08-26 17:00,Block B (Girls Hostel),685.3
2026-08-26 18:00,Block B (Girls Hostel),1169.6
2026-08-26 19:00,Block B (Girls Hostel),1322.3
2026-08-26 20:00,Block B (Girls Hostel),1181.1
2026-08-26 21:00,Block B (Girls Hostel),756.9
2026-08-26 22:00,Block B (Girls Hostel),291.9
2026-08-26 23:00,Block B (Girls Hostel),138.3
2026-08-27 00:00,Block B (Girls Hostel),76.5
2026-08-27 01:00,Block B (Girls Hostel),47.4
2026-08-27 02:00,Block B (Girls Hostel),26.1
2026-08-27 03:00,Block B (Girls Hostel),35.1
2026-08-27 04:00,Block B (Girls Hostel),148.2
2026-08-27 05:00,Block B (Girls Hostel),601.4
2026-08-27 06:00,Block B (Girls Hostel),1464.7
2026-08-27 07:00,Block B (Girls Hostel),1696.2
2026-08-27 08:00,Block B (Girls Hostel),1337.3
2026-08-27 09:00,Block B (Girls Hostel),775.8
2026-08-27 10:00,Block B (Girls Hostel),416.9
2026-08-27 11:00,Block B (Girls Hostel),469.5
2026-08-27 12:00,Block B (Girls Hostel),647.1
2026-08-27 13:00,Block B (Girls Hostel),759.8
2026-08-27 14:00,Block B (Girls Hostel),448.2
2026-08-27 15:00,Block B (Girls Hostel),438.8
2026-08-27 16:00,Block B (Girls Hostel),590.7
2026-08-27 17:00,Block B (Girls Hostel),580.6
2026-08-27 18:00,Block B (Girls Hostel),1121.0
2026-08-27 19:00,Block B (Girls Hostel),1516.7
2026-08-27 20:00,Block B (Girls Hostel),1223.0
2026-08-27 21:00,Block B (Girls Hostel),657.5
2026-08-27 22:00,Block B (Girls Hostel),345.6
2026-08-27 23:00,Block B (Girls Hostel),134.4
2026-08-28 00:00,Block B (Girls Hostel),83.7
2026-08-28 01:00,Block B (Girls Hostel),47.3
2026-08-28 02:00,Block B (Girls Hostel),27.7
2026-08-28 03:00,Block B (Girls Hostel),36.4
2026-08-28 04:00,Block B (Girls Hostel),128.5
2026-08-28 05:00,Block B (Girls Hostel),666.2
2026-08-28 06:00,Block B (Girls Hostel),1512.1
2026-08-28 07:00,Block B (Girls Hostel),1517.2
2026-08-28 08:00,Block B (Girls Hostel),1400.5
2026-08-28 09:00,Block B (Girls Hostel),727.5
2026-08-28 10:00,Block B (Girls Hostel),465.6
2026-08-28 11:00,Block B (Girls Hostel),464.1
2026-08-28 12:00,Block B (Girls Hostel),737.9
2026-08-28 13:00,Block B (Girls Hostel),823.0
2026-08-28 14:00,Block B (Girls Hostel),492.8
2026-08-28 15:00,Block B (Girls Hostel),355.6
2026-08-28 16:00,Block B (Girls Hostel),693.9
2026-08-28 17:00,Block B (Girls Hostel),600.4
2026-08-28 18:00,Block B (Girls Hostel),1348.7
2026-08-28 19:00,Block B (Girls Hostel),1702.8
2026-08-28 20:00,Block B (Girls Hostel),1042.9
2026-08-28 21:00,Block B (Girls Hostel),713.0
2026-08-28 22:00,Block B (Girls Hostel),260.2
2026-08-28 23:00,Block B (Girls Hostel),146.1
2026-08-29 00:00,Block B (Girls Hostel),72.2
2026-08-29 01:00,Block B (Girls Hostel),49.2
2026-08-29 02:00,Block B (Girls Hostel),34.7
2026-08-29 03:00,Block B (Girls Hostel),35.0
2026-08-29 04:00,Block B (Girls Hostel),139.9
2026-08-29 05:00,Block B (Girls Hostel),584.9
2026-08-29 06:00,Block B (Girls Hostel),1077.3
2026-08-29 07:00,Block B (Girls Hostel),1490.4
2026-08-29 08:00,Block B (Girls Hostel),1338.9
2026-08-29 09:00,Block B (Girls Hostel),895.4
2026-08-29 10:00,Block B (Girls Hostel),383.3
2026-08-29 11:00,Block B (Girls Hostel),418.0
2026-08-29 12:00,Block B (Girls Hostel),747.6
2026-08-29 13:00,Block B (Girls Hostel),775.2
2026-08-29 14:00,Block B (Girls Hostel),406.3
2026-08-29 15:00,Block B (Girls Hostel),472.9
2026-08-29 16:00,Block B (Girls Hostel),565.9
2026-08-29 17:00,Block B (Girls Hostel),748.7
2026-08-29 18:00,Block B (Girls Hostel),1278.7
2026-08-29 19:00,Block B (Girls Hostel),1501.2
2026-08-29 20:00,Block B (Girls Hostel),1137.2
2026-08-29 21:00,Block B (Girls Hostel),740.1
2026-08-29 22:00,Block B (Girls Hostel),296.8
2026-08-29 23:00,Block B (Girls Hostel),143.3
2026-08-30 00:00,Block B (Girls Hostel),72.7
2026-08-30 01:00,Block B (Girls Hostel),53.6
2026-08-30 02:00,Block B (Girls Hostel),32.0
2026-08-30 03:00,Block B (Girls Hostel),28.9
2026-08-30 04:00,Block B (Girls Hostel),162.5
2026-08-30 05:00,Block B (Girls Hostel),576.0
2026-08-30 06:00,Block B (Girls Hostel),1540.0
2026-08-30 07:00,Block B (Girls Hostel),1723.2
2026-08-30 08:00,Block B (Girls Hostel),1184.5
2026-08-30 09:00,Block B (Girls Hostel),790.3
2026-08-30 10:00,Block B (Girls Hostel),365.2
2026-08-30 11:00,Block B (Girls Hostel),389.2
2026-08-30 12:00,Block B (Girls Hostel),642.5
2026-08-30 13:00,Block B (Girls Hostel),762.9
2026-08-30 14:00,Block B (Girls Hostel),543.6
2026-08-30 15:00,Block B (Girls Hostel),570.5
2026-08-30 16:00,Block B (Girls Hostel),645.9
2026-08-30 17:00,Block B (Girls Hostel),795.1
2026-08-30 18:00,Block B (Girls Hostel),940.6
2026-08-30 19:00,Block B (Girls Hostel),1402.3
2026-08-30 20:00,Block B (Girls Hostel),1086.6
2026-08-30 21:00,Block B (Girls Hostel),694.1
2026-08-30 22:00,Block B (Girls Hostel),293.9
2026-08-30 23:00,Block B (Girls Hostel),141.5
2026-08-01 00:00,Block C (Day Scholars/Admin),22.9
2026-08-01 01:00,Block C (Day Scholars/Admin),19.6
2026-08-01 02:00,Block C (Day Scholars/Admin),10.5
2026-08-01 03:00,Block C (Day Scholars/Admin),12.3
2026-08-01 04:00,Block C (Day Scholars/Admin),74.9
2026-08-01 05:00,Block C (Day Scholars/Admin),213.5
2026-08-01 06:00,Block C (Day Scholars/Admin),376.0
2026-08-01 07:00,Block C (Day Scholars/Admin),637.3
2026-08-01 08:00,Block C (Day Scholars/Admin),543.4
2026-08-01 09:00,Block C (Day Scholars/Admin),370.5
2026-08-01 10:00,Block C (Day Scholars/Admin),153.4
2026-08-01 11:00,Block C (Day Scholars/Admin),190.7
2026-08-01 12:00,Block C (Day Scholars/Admin),283.2
2026-08-01 13:00,Block C (Day Scholars/Admin),296.2
2026-08-01 14:00,Block C (Day Scholars/Admin),237.1
2026-08-01 15:00,Block C (Day Scholars/Admin),147.5
2026-08-01 16:00,Block C (Day Scholars/Admin),247.3
2026-08-01 17:00,Block C (Day Scholars/Admin),316.8
2026-08-01 18:00,Block C (Day Scholars/Admin),542.5
2026-08-01 19:00,Block C (Day Scholars/Admin),607.1
2026-08-01 20:00,Block C (Day Scholars/Admin),497.7
2026-08-01 21:00,Block C (Day Scholars/Admin),285.9
2026-08-01 22:00,Block C (Day Scholars/Admin),123.9
2026-08-01 23:00,Block C (Day Scholars/Admin),57.5
2026-08-02 00:00,Block C (Day Scholars/Admin),32.2
2026-08-02 01:00,Block C (Day Scholars/Admin),17.2
2026-08-02 02:00,Block C (Day Scholars/Admin),12.5
2026-08-02 03:00,Block C (Day Scholars/Admin),12.0
2026-08-02 04:00,Block C (Day Scholars/Admin),68.1
2026-08-02 05:00,Block C (Day Scholars/Admin),238.5
2026-08-02 06:00,Block C (Day Scholars/Admin),425.1
2026-08-02 07:00,Block C (Day Scholars/Admin),759.9
2026-08-02 08:00,Block C (Day Scholars/Admin),427.8
2026-08-02 09:00,Block C (Day Scholars/Admin),276.5
2026-08-02 10:00,Block C (Day Scholars/Admin),167.1
2026-08-02 11:00,Block C (Day Scholars/Admin),209.7
2026-08-02 12:00,Block C (Day Scholars/Admin),223.1
2026-08-02 13:00,Block C (Day Scholars/Admin),413.0
2026-08-02 14:00,Block C (Day Scholars/Admin),202.8
2026-08-02 15:00,Block C (Day Scholars/Admin),184.8
2026-08-02 16:00,Block C (Day Scholars/Admin),238.4
2026-08-02 17:00,Block C (Day Scholars/Admin),310.3
2026-08-02 18:00,Block C (Day Scholars/Admin),510.0
2026-08-02 19:00,Block C (Day Scholars/Admin),646.5
2026-08-02 20:00,Block C (Day Scholars/Admin),512.0
2026-08-02 21:00,Block C (Day Scholars/Admin),303.2
2026-08-02 22:00,Block C (Day Scholars/Admin),117.2
2026-08-02 23:00,Block C (Day Scholars/Admin),58.9
2026-08-03 00:00,Block C (Day Scholars/Admin),29.3
2026-08-03 01:00,Block C (Day Scholars/Admin),20.4
2026-08-03 02:00,Block C (Day Scholars/Admin),12.9
2026-08-03 03:00,Block C (Day Scholars/Admin),7.8
2026-08-03 04:00,Block C (Day Scholars/Admin),64.7
2026-08-03 05:00,Block C (Day Scholars/Admin),245.6
2026-08-03 06:00,Block C (Day Scholars/Admin),538.8
2026-08-03 07:00,Block C (Day Scholars/Admin),629.2
2026-08-03 08:00,Block C (Day Scholars/Admin),544.7
2026-08-03 09:00,Block C (Day Scholars/Admin),334.1
2026-08-03 10:00,Block C (Day Scholars/Admin),163.3
2026-08-03 11:00,Block C (Day Scholars/Admin),188.8
2026-08-03 12:00,Block C (Day Scholars/Admin),265.0
2026-08-03 13:00,Block C (Day Scholars/Admin),250.3
2026-08-03 14:00,Block C (Day Scholars/Admin),166.5
2026-08-03 15:00,Block C (Day Scholars/Admin),198.6
2026-08-03 16:00,Block C (Day Scholars/Admin),267.5
2026-08-03 17:00,Block C (Day Scholars/Admin),318.5
2026-08-03 18:00,Block C (Day Scholars/Admin),521.8
2026-08-03 19:00,Block C (Day Scholars/Admin),637.2
2026-08-03 20:00,Block C (Day Scholars/Admin),443.1
2026-08-03 21:00,Block C (Day Scholars/Admin),315.5
2026-08-03 22:00,Block C (Day Scholars/Admin),131.5
2026-08-03 23:00,Block C (Day Scholars/Admin),65.4
2026-08-04 00:00,Block C (Day Scholars/Admin),34.3
2026-08-04 01:00,Block C (Day Scholars/Admin),19.5
2026-08-04 02:00,Block C (Day Scholars/Admin),12.5
2026-08-04 03:00,Block C (Day Scholars/Admin),13.5
2026-08-04 04:00,Block C (Day Scholars/Admin),59.8
2026-08-04 05:00,Block C (Day Scholars/Admin),214.6
2026-08-04 06:00,Block C (Day Scholars/Admin),529.4
2026-08-04 07:00,Block C (Day Scholars/Admin),601.0
2026-08-04 08:00,Block C (Day Scholars/Admin),441.1
2026-08-04 09:00,Block C (Day Scholars/Admin),294.8
2026-08-04 10:00,Block C (Day Scholars/Admin),162.9
2026-08-04 11:00,Block C (Day Scholars/Admin),173.3
2026-08-04 12:00,Block C (Day Scholars/Admin),231.8
2026-08-04 13:00,Block C (Day Scholars/Admin),307.7
2026-08-04 14:00,Block C (Day Scholars/Admin),180.0
2026-08-04 15:00,Block C (Day Scholars/Admin),162.4
2026-08-04 16:00,Block C (Day Scholars/Admin),259.0
2026-08-04 17:00,Block C (Day Scholars/Admin),333.8
2026-08-04 18:00,Block C (Day Scholars/Admin),387.4
2026-08-04 19:00,Block C (Day Scholars/Admin),545.1
2026-08-04 20:00,Block C (Day Scholars/Admin),435.7
2026-08-04 21:00,Block C (Day Scholars/Admin),266.2
2026-08-04 22:00,Block C (Day Scholars/Admin),131.9
2026-08-04 23:00,Block C (Day Scholars/Admin),58.6
2026-08-05 00:00,Block C (Day Scholars/Admin),29.0
2026-08-05 01:00,Block C (Day Scholars/Admin),13.7
2026-08-05 02:00,Block C (Day Scholars/Admin),12.9
2026-08-05 03:00,Block C (Day Scholars/Admin),10.2
2026-08-05 04:00,Block C (Day Scholars/Admin),60.4
2026-08-05 05:00,Block C (Day Scholars/Admin),248.0
2026-08-05 06:00,Block C (Day Scholars/Admin),628.2
2026-08-05 07:00,Block C (Day Scholars/Admin),556.3
2026-08-05 08:00,Block C (Day Scholars/Admin),306.1
2026-08-05 09:00,Block C (Day Scholars/Admin),306.6
2026-08-05 10:00,Block C (Day Scholars/Admin),218.9
2026-08-05 11:00,Block C (Day Scholars/Admin),206.8
2026-08-05 12:00,Block C (Day Scholars/Admin),307.5
2026-08-05 13:00,Block C (Day Scholars/Admin),282.3
2026-08-05 14:00,Block C (Day Scholars/Admin),197.4
2026-08-05 15:00,Block C (Day Scholars/Admin),159.0
2026-08-05 16:00,Block C (Day Scholars/Admin),253.7
2026-08-05 17:00,Block C (Day Scholars/Admin),318.2
2026-08-05 18:00,Block C (Day Scholars/Admin),541.1
2026-08-05 19:00,Block C (Day Scholars/Admin),798.7
2026-08-05 20:00,Block C (Day Scholars/Admin),502.6
2026-08-05 21:00,Block C (Day Scholars/Admin),281.7
2026-08-05 22:00,Block C (Day Scholars/Admin),119.6
2026-08-05 23:00,Block C (Day Scholars/Admin),47.3
2026-08-06 00:00,Block C (Day Scholars/Admin),27.5
2026-08-06 01:00,Block C (Day Scholars/Admin),17.1
2026-08-06 02:00,Block C (Day Scholars/Admin),11.2
2026-08-06 03:00,Block C (Day Scholars/Admin),12.2
2026-08-06 04:00,Block C (Day Scholars/Admin),54.1
2026-08-06 05:00,Block C (Day Scholars/Admin),272.3
2026-08-06 06:00,Block C (Day Scholars/Admin),540.0
2026-08-06 07:00,Block C (Day Scholars/Admin),659.3
2026-08-06 08:00,Block C (Day Scholars/Admin),461.1
2026-08-06 09:00,Block C (Day Scholars/Admin),305.6
2026-08-06 10:00,Block C (Day Scholars/Admin),197.8
2026-08-06 11:00,Block C (Day Scholars/Admin),161.3
2026-08-06 12:00,Block C (Day Scholars/Admin),276.3
2026-08-06 13:00,Block C (Day Scholars/Admin),289.1
2026-08-06 14:00,Block C (Day Scholars/Admin),150.9
2026-08-06 15:00,Block C (Day Scholars/Admin),162.3
2026-08-06 16:00,Block C (Day Scholars/Admin),226.3
2026-08-06 17:00,Block C (Day Scholars/Admin),331.5
2026-08-06 18:00,Block C (Day Scholars/Admin),495.1
2026-08-06 19:00,Block C (Day Scholars/Admin),613.9
2026-08-06 20:00,Block C (Day Scholars/Admin),529.0
2026-08-06 21:00,Block C (Day Scholars/Admin),295.1
2026-08-06 22:00,Block C (Day Scholars/Admin),125.6
2026-08-06 23:00,Block C (Day Scholars/Admin),59.3
2026-08-07 00:00,Block C (Day Scholars/Admin),31.0
2026-08-07 01:00,Block C (Day Scholars/Admin),16.7
2026-08-07 02:00,Block C (Day Scholars/Admin),8.5
2026-08-07 03:00,Block C (Day Scholars/Admin),11.8
2026-08-07 04:00,Block C (Day Scholars/Admin),70.2
2026-08-07 05:00,Block C (Day Scholars/Admin),266.7
2026-08-07 06:00,Block C (Day Scholars/Admin),602.6
2026-08-07 07:00,Block C (Day Scholars/Admin),757.9
2026-08-07 08:00,Block C (Day Scholars/Admin),485.1
2026-08-07 09:00,Block C (Day Scholars/Admin),307.1
2026-08-07 10:00,Block C (Day Scholars/Admin),166.7
2026-08-07 11:00,Block C (Day Scholars/Admin),173.2
2026-08-07 12:00,Block C (Day Scholars/Admin),322.2
2026-08-07 13:00,Block C (Day Scholars/Admin),343.3
2026-08-07 14:00,Block C (Day Scholars/Admin),177.0
2026-08-07 15:00,Block C (Day Scholars/Admin),170.3
2026-08-07 16:00,Block C (Day Scholars/Admin),240.0
2026-08-07 17:00,Block C (Day Scholars/Admin),321.6
2026-08-07 18:00,Block C (Day Scholars/Admin),396.8
2026-08-07 19:00,Block C (Day Scholars/Admin),434.7
2026-08-07 20:00,Block C (Day Scholars/Admin),448.3
2026-08-07 21:00,Block C (Day Scholars/Admin),256.1
2026-08-07 22:00,Block C (Day Scholars/Admin),112.7
2026-08-07 23:00,Block C (Day Scholars/Admin),58.9
2026-08-08 00:00,Block C (Day Scholars/Admin),28.4
2026-08-08 01:00,Block C (Day Scholars/Admin),21.1
2026-08-08 02:00,Block C (Day Scholars/Admin),12.5
2026-08-08 03:00,Block C (Day Scholars/Admin),12.4
2026-08-08 04:00,Block C (Day Scholars/Admin),64.5
2026-08-08 05:00,Block C (Day Scholars/Admin),207.2
2026-08-08 06:00,Block C (Day Scholars/Admin),607.3
2026-08-08 07:00,Block C (Day Scholars/Admin),654.0
2026-08-08 08:00,Block C (Day Scholars/Admin),518.6
2026-08-08 09:00,Block C (Day Scholars/Admin),261.4
2026-08-08 10:00,Block C (Day Scholars/Admin),146.4
2026-08-08 11:00,Block C (Day Scholars/Admin),197.7
2026-08-08 12:00,Block C (Day Scholars/Admin),313.6
2026-08-08 13:00,Block C (Day Scholars/Admin),267.5
2026-08-08 14:00,Block C (Day Scholars/Admin),161.2
2026-08-08 15:00,Block C (Day Scholars/Admin),204.3
2026-08-08 16:00,Block C (Day Scholars/Admin),205.7
2026-08-08 17:00,Block C (Day Scholars/Admin),359.1
2026-08-08 18:00,Block C (Day Scholars/Admin),428.1
2026-08-08 19:00,Block C (Day Scholars/Admin),646.0
2026-08-08 20:00,Block C (Day Scholars/Admin),461.1
2026-08-08 21:00,Block C (Day Scholars/Admin),321.7
2026-08-08 22:00,Block C (Day Scholars/Admin),112.2
2026-08-08 23:00,Block C (Day Scholars/Admin),58.8
2026-08-09 00:00,Block C (Day Scholars/Admin),30.1
2026-08-09 01:00,Block C (Day Scholars/Admin),15.8
2026-08-09 02:00,Block C (Day Scholars/Admin),13.1
2026-08-09 03:00,Block C (Day Scholars/Admin),11.3
2026-08-09 04:00,Block C (Day Scholars/Admin),58.4
2026-08-09 05:00,Block C (Day Scholars/Admin),211.4
2026-08-09 06:00,Block C (Day Scholars/Admin),374.0
2026-08-09 07:00,Block C (Day Scholars/Admin),644.9
2026-08-09 08:00,Block C (Day Scholars/Admin),619.0
2026-08-09 09:00,Block C (Day Scholars/Admin),328.2
2026-08-09 10:00,Block C (Day Scholars/Admin),179.6
2026-08-09 11:00,Block C (Day Scholars/Admin),174.3
2026-08-09 12:00,Block C (Day Scholars/Admin),300.8
2026-08-09 13:00,Block C (Day Scholars/Admin),319.7
2026-08-09 14:00,Block C (Day Scholars/Admin),154.5
2026-08-09 15:00,Block C (Day Scholars/Admin),204.1
2026-08-09 16:00,Block C (Day Scholars/Admin),260.6
2026-08-09 17:00,Block C (Day Scholars/Admin),325.9
2026-08-09 18:00,Block C (Day Scholars/Admin),505.3
2026-08-09 19:00,Block C (Day Scholars/Admin),601.4
2026-08-09 20:00,Block C (Day Scholars/Admin),518.8
2026-08-09 21:00,Block C (Day Scholars/Admin),321.3
2026-08-09 22:00,Block C (Day Scholars/Admin),114.9
2026-08-09 23:00,Block C (Day Scholars/Admin),55.9
2026-08-10 00:00,Block C (Day Scholars/Admin),30.4
2026-08-10 01:00,Block C (Day Scholars/Admin),21.3
2026-08-10 02:00,Block C (Day Scholars/Admin),10.2
2026-08-10 03:00,Block C (Day Scholars/Admin),9.9
2026-08-10 04:00,Block C (Day Scholars/Admin),61.2
2026-08-10 05:00,Block C (Day Scholars/Admin),241.5
2026-08-10 06:00,Block C (Day Scholars/Admin),551.2
2026-08-10 07:00,Block C (Day Scholars/Admin),679.3
2026-08-10 08:00,Block C (Day Scholars/Admin),467.1
2026-08-10 09:00,Block C (Day Scholars/Admin),353.6
2026-08-10 10:00,Block C (Day Scholars/Admin),145.4
2026-08-10 11:00,Block C (Day Scholars/Admin),162.1
2026-08-10 12:00,Block C (Day Scholars/Admin),296.3
2026-08-10 13:00,Block C (Day Scholars/Admin),240.8
2026-08-10 14:00,Block C (Day Scholars/Admin),176.2
2026-08-10 15:00,Block C (Day Scholars/Admin),215.9
2026-08-10 16:00,Block C (Day Scholars/Admin),240.6
2026-08-10 17:00,Block C (Day Scholars/Admin),308.3
2026-08-10 18:00,Block C (Day Scholars/Admin),407.4
2026-08-10 19:00,Block C (Day Scholars/Admin),555.6
2026-08-10 20:00,Block C (Day Scholars/Admin),458.4
2026-08-10 21:00,Block C (Day Scholars/Admin),288.6
2026-08-10 22:00,Block C (Day Scholars/Admin),138.5
2026-08-10 23:00,Block C (Day Scholars/Admin),64.0
2026-08-11 00:00,Block C (Day Scholars/Admin),26.0
2026-08-11 01:00,Block C (Day Scholars/Admin),18.5
2026-08-11 02:00,Block C (Day Scholars/Admin),12.7
2026-08-11 03:00,Block C (Day Scholars/Admin),13.6
2026-08-11 04:00,Block C (Day Scholars/Admin),71.4
2026-08-11 05:00,Block C (Day Scholars/Admin),210.8
2026-08-11 06:00,Block C (Day Scholars/Admin),487.5
2026-08-11 07:00,Block C (Day Scholars/Admin),560.4
2026-08-11 08:00,Block C (Day Scholars/Admin),466.5
2026-08-11 09:00,Block C (Day Scholars/Admin),316.8
2026-08-11 10:00,Block C (Day Scholars/Admin),201.3
2026-08-11 11:00,Block C (Day Scholars/Admin),178.4
2026-08-11 12:00,Block C (Day Scholars/Admin),288.5
2026-08-11 13:00,Block C (Day Scholars/Admin),305.5
2026-08-11 14:00,Block C (Day Scholars/Admin),162.0
2026-08-11 15:00,Block C (Day Scholars/Admin),225.1
2026-08-11 16:00,Block C (Day Scholars/Admin),193.7
2026-08-11 17:00,Block C (Day Scholars/Admin),306.7
2026-08-11 18:00,Block C (Day Scholars/Admin),596.6
2026-08-11 19:00,Block C (Day Scholars/Admin),600.5
2026-08-11 20:00,Block C (Day Scholars/Admin),469.1
2026-08-11 21:00,Block C (Day Scholars/Admin),287.1
2026-08-11 22:00,Block C (Day Scholars/Admin),117.4
2026-08-11 23:00,Block C (Day Scholars/Admin),69.9
2026-08-12 00:00,Block C (Day Scholars/Admin),22.0
2026-08-12 01:00,Block C (Day Scholars/Admin),21.3
2026-08-12 02:00,Block C (Day Scholars/Admin),9.9
2026-08-12 03:00,Block C (Day Scholars/Admin),11.6
2026-08-12 04:00,Block C (Day Scholars/Admin),56.9
2026-08-12 05:00,Block C (Day Scholars/Admin),257.0
2026-08-12 06:00,Block C (Day Scholars/Admin),436.4
2026-08-12 07:00,Block C (Day Scholars/Admin),696.6
2026-08-12 08:00,Block C (Day Scholars/Admin),596.6
2026-08-12 09:00,Block C (Day Scholars/Admin),250.9
2026-08-12 10:00,Block C (Day Scholars/Admin),184.1
2026-08-12 11:00,Block C (Day Scholars/Admin),165.7
2026-08-12 12:00,Block C (Day Scholars/Admin),315.3
2026-08-12 13:00,Block C (Day Scholars/Admin),300.7
2026-08-12 14:00,Block C (Day Scholars/Admin),166.1
2026-08-12 15:00,Block C (Day Scholars/Admin),190.5
2026-08-12 16:00,Block C (Day Scholars/Admin),292.0
2026-08-12 17:00,Block C (Day Scholars/Admin),293.1
2026-08-12 18:00,Block C (Day Scholars/Admin),521.5
2026-08-12 19:00,Block C (Day Scholars/Admin),506.9
2026-08-12 20:00,Block C (Day Scholars/Admin),424.9
2026-08-12 21:00,Block C (Day Scholars/Admin),317.0
2026-08-12 22:00,Block C (Day Scholars/Admin),141.4
2026-08-12 23:00,Block C (Day Scholars/Admin),62.6
2026-08-13 00:00,Block C (Day Scholars/Admin),28.9
2026-08-13 01:00,Block C (Day Scholars/Admin),18.0
2026-08-13 02:00,Block C (Day Scholars/Admin),10.2
2026-08-13 03:00,Block C (Day Scholars/Admin),12.9
2026-08-13 04:00,Block C (Day Scholars/Admin),66.4
2026-08-13 05:00,Block C (Day Scholars/Admin),227.0
2026-08-13 06:00,Block C (Day Scholars/Admin),509.5
2026-08-13 07:00,Block C (Day Scholars/Admin),681.1
2026-08-13 08:00,Block C (Day Scholars/Admin),454.8
2026-08-13 09:00,Block C (Day Scholars/Admin),297.6
2026-08-13 10:00,Block C (Day Scholars/Admin),225.4
2026-08-13 11:00,Block C (Day Scholars/Admin),174.7
2026-08-13 12:00,Block C (Day Scholars/Admin),287.1
2026-08-13 13:00,Block C (Day Scholars/Admin),276.7
2026-08-13 14:00,Block C (Day Scholars/Admin),196.1
2026-08-13 15:00,Block C (Day Scholars/Admin),176.1
2026-08-13 16:00,Block C (Day Scholars/Admin),221.3
2026-08-13 17:00,Block C (Day Scholars/Admin),347.6
2026-08-13 18:00,Block C (Day Scholars/Admin),561.8
2026-08-13 19:00,Block C (Day Scholars/Admin),556.8
2026-08-13 20:00,Block C (Day Scholars/Admin),372.5
2026-08-13 21:00,Block C (Day Scholars/Admin),336.3
2026-08-13 22:00,Block C (Day Scholars/Admin),110.1
2026-08-13 23:00,Block C (Day Scholars/Admin),65.7
2026-08-14 00:00,Block C (Day Scholars/Admin),22.9
2026-08-14 01:00,Block C (Day Scholars/Admin),19.9
2026-08-14 02:00,Block C (Day Scholars/Admin),10.3
2026-08-14 03:00,Block C (Day Scholars/Admin),13.1
2026-08-14 04:00,Block C (Day Scholars/Admin),60.1
2026-08-14 05:00,Block C (Day Scholars/Admin),212.5
2026-08-14 06:00,Block C (Day Scholars/Admin),513.6
2026-08-14 07:00,Block C (Day Scholars/Admin),714.4
2026-08-14 08:00,Block C (Day Scholars/Admin),486.1
2026-08-14 09:00,Block C (Day Scholars/Admin),321.0
2026-08-14 10:00,Block C (Day Scholars/Admin),222.7
2026-08-14 11:00,Block C (Day Scholars/Admin),146.2
2026-08-14 12:00,Block C (Day Scholars/Admin),358.2
2026-08-14 13:00,Block C (Day Scholars/Admin),303.8
2026-08-14 14:00,Block C (Day Scholars/Admin),160.6
2026-08-14 15:00,Block C (Day Scholars/Admin),151.3
2026-08-14 16:00,Block C (Day Scholars/Admin),234.6
2026-08-14 17:00,Block C (Day Scholars/Admin),333.2
2026-08-14 18:00,Block C (Day Scholars/Admin),472.7
2026-08-14 19:00,Block C (Day Scholars/Admin),708.8
2026-08-14 20:00,Block C (Day Scholars/Admin),396.4
2026-08-14 21:00,Block C (Day Scholars/Admin),299.6
2026-08-14 22:00,Block C (Day Scholars/Admin),102.0
2026-08-14 23:00,Block C (Day Scholars/Admin),62.6
2026-08-15 00:00,Block C (Day Scholars/Admin),33.2
2026-08-15 01:00,Block C (Day Scholars/Admin),17.1
2026-08-15 02:00,Block C (Day Scholars/Admin),8.2
2026-08-15 03:00,Block C (Day Scholars/Admin),12.3
2026-08-15 04:00,Block C (Day Scholars/Admin),63.1
2026-08-15 05:00,Block C (Day Scholars/Admin),251.6
2026-08-15 06:00,Block C (Day Scholars/Admin),620.1
2026-08-15 07:00,Block C (Day Scholars/Admin),575.2
2026-08-15 08:00,Block C (Day Scholars/Admin),519.2
2026-08-15 09:00,Block C (Day Scholars/Admin),342.9
2026-08-15 10:00,Block C (Day Scholars/Admin),141.6
2026-08-15 11:00,Block C (Day Scholars/Admin),186.9
2026-08-15 12:00,Block C (Day Scholars/Admin),281.8
2026-08-15 13:00,Block C (Day Scholars/Admin),297.1
2026-08-15 14:00,Block C (Day Scholars/Admin),187.5
2026-08-15 15:00,Block C (Day Scholars/Admin),169.5
2026-08-15 16:00,Block C (Day Scholars/Admin),220.5
2026-08-15 17:00,Block C (Day Scholars/Admin),301.2
2026-08-15 18:00,Block C (Day Scholars/Admin),417.4
2026-08-15 19:00,Block C (Day Scholars/Admin),521.8
2026-08-15 20:00,Block C (Day Scholars/Admin),519.1
2026-08-15 21:00,Block C (Day Scholars/Admin),258.6
2026-08-15 22:00,Block C (Day Scholars/Admin),129.6
2026-08-15 23:00,Block C (Day Scholars/Admin),63.3
2026-08-16 00:00,Block C (Day Scholars/Admin),23.8
2026-08-16 01:00,Block C (Day Scholars/Admin),16.5
2026-08-16 02:00,Block C (Day Scholars/Admin),13.7
2026-08-16 03:00,Block C (Day Scholars/Admin),10.6
2026-08-16 04:00,Block C (Day Scholars/Admin),56.7
2026-08-16 05:00,Block C (Day Scholars/Admin),253.3
2026-08-16 06:00,Block C (Day Scholars/Admin),590.8
2026-08-16 07:00,Block C (Day Scholars/Admin),640.1
2026-08-16 08:00,Block C (Day Scholars/Admin),445.6
2026-08-16 09:00,Block C (Day Scholars/Admin),351.2
2026-08-16 10:00,Block C (Day Scholars/Admin),217.6
2026-08-16 11:00,Block C (Day Scholars/Admin),201.1
2026-08-16 12:00,Block C (Day Scholars/Admin),303.1
2026-08-16 13:00,Block C (Day Scholars/Admin),270.9
2026-08-16 14:00,Block C (Day Scholars/Admin),162.1
2026-08-16 15:00,Block C (Day Scholars/Admin),191.3
2026-08-16 16:00,Block C (Day Scholars/Admin),252.0
2026-08-16 17:00,Block C (Day Scholars/Admin),350.5
2026-08-16 18:00,Block C (Day Scholars/Admin),517.5
2026-08-16 19:00,Block C (Day Scholars/Admin),491.8
2026-08-16 20:00,Block C (Day Scholars/Admin),540.6
2026-08-16 21:00,Block C (Day Scholars/Admin),264.1
2026-08-16 22:00,Block C (Day Scholars/Admin),114.5
2026-08-16 23:00,Block C (Day Scholars/Admin),61.8
2026-08-17 00:00,Block C (Day Scholars/Admin),37.2
2026-08-17 01:00,Block C (Day Scholars/Admin),24.7
2026-08-17 02:00,Block C (Day Scholars/Admin),12.9
2026-08-17 03:00,Block C (Day Scholars/Admin),11.7
2026-08-17 04:00,Block C (Day Scholars/Admin),63.8
2026-08-17 05:00,Block C (Day Scholars/Admin),265.6
2026-08-17 06:00,Block C (Day Scholars/Admin),519.2
2026-08-17 07:00,Block C (Day Scholars/Admin),802.2
2026-08-17 08:00,Block C (Day Scholars/Admin),493.3
2026-08-17 09:00,Block C (Day Scholars/Admin),317.9
2026-08-17 10:00,Block C (Day Scholars/Admin),194.4
2026-08-17 11:00,Block C (Day Scholars/Admin),189.1
2026-08-17 12:00,Block C (Day Scholars/Admin),330.2
2026-08-17 13:00,Block C (Day Scholars/Admin),277.8
2026-08-17 14:00,Block C (Day Scholars/Admin),167.9
2026-08-17 15:00,Block C (Day Scholars/Admin),156.2
2026-08-17 16:00,Block C (Day Scholars/Admin),252.7
2026-08-17 17:00,Block C (Day Scholars/Admin),328.0
2026-08-17 18:00,Block C (Day Scholars/Admin),506.4
2026-08-17 19:00,Block C (Day Scholars/Admin),720.6
2026-08-17 20:00,Block C (Day Scholars/Admin),479.7
2026-08-17 21:00,Block C (Day Scholars/Admin),324.1
2026-08-17 22:00,Block C (Day Scholars/Admin),104.3
2026-08-17 23:00,Block C (Day Scholars/Admin),57.2
2026-08-18 00:00,Block C (Day Scholars/Admin),32.5
2026-08-18 01:00,Block C (Day Scholars/Admin),19.8
2026-08-18 02:00,Block C (Day Scholars/Admin),11.6
2026-08-18 03:00,Block C (Day Scholars/Admin),11.9
2026-08-18 04:00,Block C (Day Scholars/Admin),49.1
2026-08-18 05:00,Block C (Day Scholars/Admin),229.7
2026-08-18 06:00,Block C (Day Scholars/Admin),597.7
2026-08-18 07:00,Block C (Day Scholars/Admin),705.6
2026-08-18 08:00,Block C (Day Scholars/Admin),508.8
2026-08-18 09:00,Block C (Day Scholars/Admin),301.8
2026-08-18 10:00,Block C (Day Scholars/Admin),180.2
2026-08-18 11:00,Block C (Day Scholars/Admin),165.7
2026-08-18 12:00,Block C (Day Scholars/Admin),325.2
2026-08-18 13:00,Block C (Day Scholars/Admin),315.2
2026-08-18 14:00,Block C (Day Scholars/Admin),190.6
2026-08-18 15:00,Block C (Day Scholars/Admin),168.6
2026-08-18 16:00,Block C (Day Scholars/Admin),178.0
2026-08-18 17:00,Block C (Day Scholars/Admin),339.5
2026-08-18 18:00,Block C (Day Scholars/Admin),452.4
2026-08-18 19:00,Block C (Day Scholars/Admin),537.9
2026-08-18 20:00,Block C (Day Scholars/Admin),519.9
2026-08-18 21:00,Block C (Day Scholars/Admin),285.9
2026-08-18 22:00,Block C (Day Scholars/Admin),135.3
2026-08-18 23:00,Block C (Day Scholars/Admin),64.4
2026-08-19 00:00,Block C (Day Scholars/Admin),32.5
2026-08-19 01:00,Block C (Day Scholars/Admin),15.0
2026-08-19 02:00,Block C (Day Scholars/Admin),13.7
2026-08-19 03:00,Block C (Day Scholars/Admin),12.4
2026-08-19 04:00,Block C (Day Scholars/Admin),57.3
2026-08-19 05:00,Block C (Day Scholars/Admin),244.1
2026-08-19 06:00,Block C (Day Scholars/Admin),424.9
2026-08-19 07:00,Block C (Day Scholars/Admin),692.4
2026-08-19 08:00,Block C (Day Scholars/Admin),420.7
2026-08-19 09:00,Block C (Day Scholars/Admin),251.3
2026-08-19 10:00,Block C (Day Scholars/Admin),147.1
2026-08-19 11:00,Block C (Day Scholars/Admin),204.0
2026-08-19 12:00,Block C (Day Scholars/Admin),277.3
2026-08-19 13:00,Block C (Day Scholars/Admin),355.2
2026-08-19 14:00,Block C (Day Scholars/Admin),168.4
2026-08-19 15:00,Block C (Day Scholars/Admin),143.1
2026-08-19 16:00,Block C (Day Scholars/Admin),207.8
2026-08-19 17:00,Block C (Day Scholars/Admin),344.5
2026-08-19 18:00,Block C (Day Scholars/Admin),471.0
2026-08-19 19:00,Block C (Day Scholars/Admin),560.5
2026-08-19 20:00,Block C (Day Scholars/Admin),489.2
2026-08-19 21:00,Block C (Day Scholars/Admin),318.1
2026-08-19 22:00,Block C (Day Scholars/Admin),136.1
2026-08-19 23:00,Block C (Day Scholars/Admin),70.4
2026-08-20 00:00,Block C (Day Scholars/Admin),28.7
2026-08-20 01:00,Block C (Day Scholars/Admin),15.1
2026-08-20 02:00,Block C (Day Scholars/Admin),11.4
2026-08-20 03:00,Block C (Day Scholars/Admin),12.4
2026-08-20 04:00,Block C (Day Scholars/Admin),53.1
2026-08-20 05:00,Block C (Day Scholars/Admin),212.4
2026-08-20 06:00,Block C (Day Scholars/Admin),562.3
2026-08-20 07:00,Block C (Day Scholars/Admin),656.1
2026-08-20 08:00,Block C (Day Scholars/Admin),481.9
2026-08-20 09:00,Block C (Day Scholars/Admin),272.7
2026-08-20 10:00,Block C (Day Scholars/Admin),175.0
2026-08-20 11:00,Block C (Day Scholars/Admin),160.0
2026-08-20 12:00,Block C (Day Scholars/Admin),332.0
2026-08-20 13:00,Block C (Day Scholars/Admin),337.3
2026-08-20 14:00,Block C (Day Scholars/Admin),140.1
2026-08-20 15:00,Block C (Day Scholars/Admin),159.9
2026-08-20 16:00,Block C (Day Scholars/Admin),196.9
2026-08-20 17:00,Block C (Day Scholars/Admin),276.6
2026-08-20 18:00,Block C (Day Scholars/Admin),475.2
2026-08-20 19:00,Block C (Day Scholars/Admin),495.6
2026-08-20 20:00,Block C (Day Scholars/Admin),426.9
2026-08-20 21:00,Block C (Day Scholars/Admin),263.9
2026-08-20 22:00,Block C (Day Scholars/Admin),123.0
2026-08-20 23:00,Block C (Day Scholars/Admin),60.5
2026-08-21 00:00,Block C (Day Scholars/Admin),27.4
2026-08-21 01:00,Block C (Day Scholars/Admin),18.4
2026-08-21 02:00,Block C (Day Scholars/Admin),11.2
2026-08-21 03:00,Block C (Day Scholars/Admin),11.6
2026-08-21 04:00,Block C (Day Scholars/Admin),72.0
2026-08-21 05:00,Block C (Day Scholars/Admin),278.6
2026-08-21 06:00,Block C (Day Scholars/Admin),455.8
2026-08-21 07:00,Block C (Day Scholars/Admin),725.7
2026-08-21 08:00,Block C (Day Scholars/Admin),526.7
2026-08-21 09:00,Block C (Day Scholars/Admin),258.7
2026-08-21 10:00,Block C (Day Scholars/Admin),197.7
2026-08-21 11:00,Block C (Day Scholars/Admin),213.2
2026-08-21 12:00,Block C (Day Scholars/Admin),259.6
2026-08-21 13:00,Block C (Day Scholars/Admin),267.0
2026-08-21 14:00,Block C (Day Scholars/Admin),202.0
2026-08-21 15:00,Block C (Day Scholars/Admin),185.9
2026-08-21 16:00,Block C (Day Scholars/Admin),255.9
2026-08-21 17:00,Block C (Day Scholars/Admin),312.3
2026-08-21 18:00,Block C (Day Scholars/Admin),502.5
2026-08-21 19:00,Block C (Day Scholars/Admin),504.5
2026-08-21 20:00,Block C (Day Scholars/Admin),540.3
2026-08-21 21:00,Block C (Day Scholars/Admin),342.1
2026-08-21 22:00,Block C (Day Scholars/Admin),116.7
2026-08-21 23:00,Block C (Day Scholars/Admin),59.7
2026-08-22 00:00,Block C (Day Scholars/Admin),24.5
2026-08-22 01:00,Block C (Day Scholars/Admin),19.1
2026-08-22 02:00,Block C (Day Scholars/Admin),12.8
2026-08-22 03:00,Block C (Day Scholars/Admin),11.9
2026-08-22 04:00,Block C (Day Scholars/Admin),68.1
2026-08-22 05:00,Block C (Day Scholars/Admin),230.4
2026-08-22 06:00,Block C (Day Scholars/Admin),576.6
2026-08-22 07:00,Block C (Day Scholars/Admin),579.2
2026-08-22 08:00,Block C (Day Scholars/Admin),478.6
2026-08-22 09:00,Block C (Day Scholars/Admin),293.7
2026-08-22 10:00,Block C (Day Scholars/Admin),184.9
2026-08-22 11:00,Block C (Day Scholars/Admin),172.0
2026-08-22 12:00,Block C (Day Scholars/Admin),295.3
2026-08-22 13:00,Block C (Day Scholars/Admin),329.7
2026-08-22 14:00,Block C (Day Scholars/Admin),170.6
2026-08-22 15:00,Block C (Day Scholars/Admin),145.3
2026-08-22 16:00,Block C (Day Scholars/Admin),290.4
2026-08-22 17:00,Block C (Day Scholars/Admin),349.7
2026-08-22 18:00,Block C (Day Scholars/Admin),405.6
2026-08-22 19:00,Block C (Day Scholars/Admin),649.7
2026-08-22 20:00,Block C (Day Scholars/Admin),451.0
2026-08-22 21:00,Block C (Day Scholars/Admin),309.5
2026-08-22 22:00,Block C (Day Scholars/Admin),124.2
2026-08-22 23:00,Block C (Day Scholars/Admin),58.3
2026-08-23 00:00,Block C (Day Scholars/Admin),27.2
2026-08-23 01:00,Block C (Day Scholars/Admin),16.5
2026-08-23 02:00,Block C (Day Scholars/Admin),10.7
2026-08-23 03:00,Block C (Day Scholars/Admin),10.8
2026-08-23 04:00,Block C (Day Scholars/Admin),59.5
2026-08-23 05:00,Block C (Day Scholars/Admin),219.4
2026-08-23 06:00,Block C (Day Scholars/Admin),584.2
2026-08-23 07:00,Block C (Day Scholars/Admin),777.8
2026-08-23 08:00,Block C (Day Scholars/Admin),446.6
2026-08-23 09:00,Block C (Day Scholars/Admin),308.6
2026-08-23 10:00,Block C (Day Scholars/Admin),190.8
2026-08-23 11:00,Block C (Day Scholars/Admin),190.2
2026-08-23 12:00,Block C (Day Scholars/Admin),302.7
2026-08-23 13:00,Block C (Day Scholars/Admin),326.7
2026-08-23 14:00,Block C (Day Scholars/Admin),190.4
2026-08-23 15:00,Block C (Day Scholars/Admin),153.3
2026-08-23 16:00,Block C (Day Scholars/Admin),265.0
2026-08-23 17:00,Block C (Day Scholars/Admin),331.9
2026-08-23 18:00,Block C (Day Scholars/Admin),436.0
2026-08-23 19:00,Block C (Day Scholars/Admin),602.7
2026-08-23 20:00,Block C (Day Scholars/Admin),519.4
2026-08-23 21:00,Block C (Day Scholars/Admin),292.5
2026-08-23 22:00,Block C (Day Scholars/Admin),135.5
2026-08-23 23:00,Block C (Day Scholars/Admin),77.0
2026-08-24 00:00,Block C (Day Scholars/Admin),27.2
2026-08-24 01:00,Block C (Day Scholars/Admin),15.0
2026-08-24 02:00,Block C (Day Scholars/Admin),12.4
2026-08-24 03:00,Block C (Day Scholars/Admin),13.0
2026-08-24 04:00,Block C (Day Scholars/Admin),58.3
2026-08-24 05:00,Block C (Day Scholars/Admin),281.9
2026-08-24 06:00,Block C (Day Scholars/Admin),453.3
2026-08-24 07:00,Block C (Day Scholars/Admin),714.9
2026-08-24 08:00,Block C (Day Scholars/Admin),445.1
2026-08-24 09:00,Block C (Day Scholars/Admin),361.9
2026-08-24 10:00,Block C (Day Scholars/Admin),223.0
2026-08-24 11:00,Block C (Day Scholars/Admin),163.4
2026-08-24 12:00,Block C (Day Scholars/Admin),280.2
2026-08-24 13:00,Block C (Day Scholars/Admin),330.9
2026-08-24 14:00,Block C (Day Scholars/Admin),171.6
2026-08-24 15:00,Block C (Day Scholars/Admin),179.0
2026-08-24 16:00,Block C (Day Scholars/Admin),240.7
2026-08-24 17:00,Block C (Day Scholars/Admin),230.9
2026-08-24 18:00,Block C (Day Scholars/Admin),479.2
2026-08-24 19:00,Block C (Day Scholars/Admin),550.3
2026-08-24 20:00,Block C (Day Scholars/Admin),451.6
2026-08-24 21:00,Block C (Day Scholars/Admin),352.0
2026-08-24 22:00,Block C (Day Scholars/Admin),101.9
2026-08-24 23:00,Block C (Day Scholars/Admin),65.9
2026-08-25 00:00,Block C (Day Scholars/Admin),29.0
2026-08-25 01:00,Block C (Day Scholars/Admin),17.4
2026-08-25 02:00,Block C (Day Scholars/Admin),13.1
2026-08-25 03:00,Block C (Day Scholars/Admin),12.5
2026-08-25 04:00,Block C (Day Scholars/Admin),64.1
2026-08-25 05:00,Block C (Day Scholars/Admin),267.9
2026-08-25 06:00,Block C (Day Scholars/Admin),518.5
2026-08-25 07:00,Block C (Day Scholars/Admin),611.5
2026-08-25 08:00,Block C (Day Scholars/Admin),417.5
2026-08-25 09:00,Block C (Day Scholars/Admin),270.3
2026-08-25 10:00,Block C (Day Scholars/Admin),243.7
2026-08-25 11:00,Block C (Day Scholars/Admin),206.9
2026-08-25 12:00,Block C (Day Scholars/Admin),251.4
2026-08-25 13:00,Block C (Day Scholars/Admin),252.4
2026-08-25 14:00,Block C (Day Scholars/Admin),190.4
2026-08-25 15:00,Block C (Day Scholars/Admin),191.8
2026-08-25 16:00,Block C (Day Scholars/Admin),255.8
2026-08-25 17:00,Block C (Day Scholars/Admin),290.8
2026-08-25 18:00,Block C (Day Scholars/Admin),472.8
2026-08-25 19:00,Block C (Day Scholars/Admin),623.6
2026-08-25 20:00,Block C (Day Scholars/Admin),484.9
2026-08-25 21:00,Block C (Day Scholars/Admin),220.1
2026-08-25 22:00,Block C (Day Scholars/Admin),116.7
2026-08-25 23:00,Block C (Day Scholars/Admin),53.9
2026-08-26 00:00,Block C (Day Scholars/Admin),30.6
2026-08-26 01:00,Block C (Day Scholars/Admin),24.4
2026-08-26 02:00,Block C (Day Scholars/Admin),12.5
2026-08-26 03:00,Block C (Day Scholars/Admin),11.5
2026-08-26 04:00,Block C (Day Scholars/Admin),66.6
2026-08-26 05:00,Block C (Day Scholars/Admin),253.9
2026-08-26 06:00,Block C (Day Scholars/Admin),567.2
2026-08-26 07:00,Block C (Day Scholars/Admin),708.1
2026-08-26 08:00,Block C (Day Scholars/Admin),598.5
2026-08-26 09:00,Block C (Day Scholars/Admin),259.3
2026-08-26 10:00,Block C (Day Scholars/Admin),190.2
2026-08-26 11:00,Block C (Day Scholars/Admin),160.0
2026-08-26 12:00,Block C (Day Scholars/Admin),320.0
2026-08-26 13:00,Block C (Day Scholars/Admin),266.9
2026-08-26 14:00,Block C (Day Scholars/Admin),171.0
2026-08-26 15:00,Block C (Day Scholars/Admin),173.6
2026-08-26 16:00,Block C (Day Scholars/Admin),268.1
2026-08-26 17:00,Block C (Day Scholars/Admin),333.1
2026-08-26 18:00,Block C (Day Scholars/Admin),408.2
2026-08-26 19:00,Block C (Day Scholars/Admin),604.0
2026-08-26 20:00,Block C (Day Scholars/Admin),439.1
2026-08-26 21:00,Block C (Day Scholars/Admin),254.7
2026-08-26 22:00,Block C (Day Scholars/Admin),116.9
2026-08-26 23:00,Block C (Day Scholars/Admin),57.8
2026-08-27 00:00,Block C (Day Scholars/Admin),38.7
2026-08-27 01:00,Block C (Day Scholars/Admin),18.9
2026-08-27 02:00,Block C (Day Scholars/Admin),10.0
2026-08-27 03:00,Block C (Day Scholars/Admin),11.2
2026-08-27 04:00,Block C (Day Scholars/Admin),67.4
2026-08-27 05:00,Block C (Day Scholars/Admin),300.1
2026-08-27 06:00,Block C (Day Scholars/Admin),437.2
2026-08-27 07:00,Block C (Day Scholars/Admin),511.1
2026-08-27 08:00,Block C (Day Scholars/Admin),587.8
2026-08-27 09:00,Block C (Day Scholars/Admin),314.0
2026-08-27 10:00,Block C (Day Scholars/Admin),161.2
2026-08-27 11:00,Block C (Day Scholars/Admin),191.5
2026-08-27 12:00,Block C (Day Scholars/Admin),205.1
2026-08-27 13:00,Block C (Day Scholars/Admin),300.1
2026-08-27 14:00,Block C (Day Scholars/Admin),187.1
2026-08-27 15:00,Block C (Day Scholars/Admin),200.0
2026-08-27 16:00,Block C (Day Scholars/Admin),210.8
2026-08-27 17:00,Block C (Day Scholars/Admin),303.1
2026-08-27 18:00,Block C (Day Scholars/Admin),426.7
2026-08-27 19:00,Block C (Day Scholars/Admin),618.4
2026-08-27 20:00,Block C (Day Scholars/Admin),428.4
2026-08-27 21:00,Block C (Day Scholars/Admin),285.3
2026-08-27 22:00,Block C (Day Scholars/Admin),105.7
2026-08-27 23:00,Block C (Day Scholars/Admin),64.7
2026-08-28 00:00,Block C (Day Scholars/Admin),33.1
2026-08-28 01:00,Block C (Day Scholars/Admin),17.5
2026-08-28 02:00,Block C (Day Scholars/Admin),12.1
2026-08-28 03:00,Block C (Day Scholars/Admin),9.9
2026-08-28 04:00,Block C (Day Scholars/Admin),57.8
2026-08-28 05:00,Block C (Day Scholars/Admin),238.6
2026-08-28 06:00,Block C (Day Scholars/Admin),709.8
2026-08-28 07:00,Block C (Day Scholars/Admin),571.9
2026-08-28 08:00,Block C (Day Scholars/Admin),564.3
2026-08-28 09:00,Block C (Day Scholars/Admin),335.9
2026-08-28 10:00,Block C (Day Scholars/Admin),186.1
2026-08-28 11:00,Block C (Day Scholars/Admin),218.0
2026-08-28 12:00,Block C (Day Scholars/Admin),313.4
2026-08-28 13:00,Block C (Day Scholars/Admin),314.0
2026-08-28 14:00,Block C (Day Scholars/Admin),178.9
2026-08-28 15:00,Block C (Day Scholars/Admin),206.4
2026-08-28 16:00,Block C (Day Scholars/Admin),271.6
2026-08-28 17:00,Block C (Day Scholars/Admin),277.5
2026-08-28 18:00,Block C (Day Scholars/Admin),404.0
2026-08-28 19:00,Block C (Day Scholars/Admin),585.4
2026-08-28 20:00,Block C (Day Scholars/Admin),433.9
2026-08-28 21:00,Block C (Day Scholars/Admin),297.7
2026-08-28 22:00,Block C (Day Scholars/Admin),137.8
2026-08-28 23:00,Block C (Day Scholars/Admin),56.7
2026-08-29 00:00,Block C (Day Scholars/Admin),29.8
2026-08-29 01:00,Block C (Day Scholars/Admin),18.1
2026-08-29 02:00,Block C (Day Scholars/Admin),13.2
2026-08-29 03:00,Block C (Day Scholars/Admin),8.8
2026-08-29 04:00,Block C (Day Scholars/Admin),55.6
2026-08-29 05:00,Block C (Day Scholars/Admin),246.1
2026-08-29 06:00,Block C (Day Scholars/Admin),617.8
2026-08-29 07:00,Block C (Day Scholars/Admin),621.0
2026-08-29 08:00,Block C (Day Scholars/Admin),371.9
2026-08-29 09:00,Block C (Day Scholars/Admin),322.3
2026-08-29 10:00,Block C (Day Scholars/Admin),166.3
2026-08-29 11:00,Block C (Day Scholars/Admin),154.3
2026-08-29 12:00,Block C (Day Scholars/Admin),277.5
2026-08-29 13:00,Block C (Day Scholars/Admin),293.4
2026-08-29 14:00,Block C (Day Scholars/Admin),166.9
2026-08-29 15:00,Block C (Day Scholars/Admin),132.4
2026-08-29 16:00,Block C (Day Scholars/Admin),265.8
2026-08-29 17:00,Block C (Day Scholars/Admin),345.9
2026-08-29 18:00,Block C (Day Scholars/Admin),517.5
2026-08-29 19:00,Block C (Day Scholars/Admin),518.1
2026-08-29 20:00,Block C (Day Scholars/Admin),468.4
2026-08-29 21:00,Block C (Day Scholars/Admin),299.8
2026-08-29 22:00,Block C (Day Scholars/Admin),128.6
2026-08-29 23:00,Block C (Day Scholars/Admin),64.8
2026-08-30 00:00,Block C (Day Scholars/Admin),27.4
2026-08-30 01:00,Block C (Day Scholars/Admin),18.2
2026-08-30 02:00,Block C (Day Scholars/Admin),12.7
2026-08-30 03:00,Block C (Day Scholars/Admin),14.1
2026-08-30 04:00,Block C (Day Scholars/Admin),65.1
2026-08-30 05:00,Block C (Day Scholars/Admin),262.7
2026-08-30 06:00,Block C (Day Scholars/Admin),545.4
2026-08-30 07:00,Block C (Day Scholars/Admin),771.7
2026-08-30 08:00,Block C (Day Scholars/Admin),503.6
2026-08-30 09:00,Block C (Day Scholars/Admin),269.0
2026-08-30 10:00,Block C (Day Scholars/Admin),210.3
2026-08-30 11:00,Block C (Day Scholars/Admin),195.1
2026-08-30 12:00,Block C (Day Scholars/Admin),284.1
2026-08-30 13:00,Block C (Day Scholars/Admin),282.7
2026-08-30 14:00,Block C (Day Scholars/Admin),186.4
2026-08-30 15:00,Block C (Day Scholars/Admin),190.0
2026-08-30 16:00,Block C (Day Scholars/Admin),245.7
2026-08-30 17:00,Block C (Day Scholars/Admin),311.2
2026-08-30 18:00,Block C (Day Scholars/Admin),577.9
2026-08-30 19:00,Block C (Day Scholars/Admin),677.2
2026-08-30 20:00,Block C (Day Scholars/Admin),491.0
2026-08-30 21:00,Block C (Day Scholars/Admin),333.9
2026-08-30 22:00,Block C (Day Scholars/Admin),105.1
2026-08-30 23:00,Block C (Day Scholars/Admin),62.9
2026-08-01 00:00,Block D (Staff Quarters),24.3
2026-08-01 01:00,Block D (Staff Quarters),11.7
2026-08-01 02:00,Block D (Staff Quarters),7.2
2026-08-01 03:00,Block D (Staff Quarters),7.4
2026-08-01 04:00,Block D (Staff Quarters),34.8
2026-08-01 05:00,Block D (Staff Quarters),144.9
2026-08-01 06:00,Block D (Staff Quarters),344.0
2026-08-01 07:00,Block D (Staff Quarters),365.8
2026-08-01 08:00,Block D (Staff Quarters),320.6
2026-08-01 09:00,Block D (Staff Quarters),221.7
2026-08-01 10:00,Block D (Staff Quarters),106.9
2026-08-01 11:00,Block D (Staff Quarters),141.9
2026-08-01 12:00,Block D (Staff Quarters),212.3
2026-08-01 13:00,Block D (Staff Quarters),224.7
2026-08-01 14:00,Block D (Staff Quarters),110.5
2026-08-01 15:00,Block D (Staff Quarters),132.3
2026-08-01 16:00,Block D (Staff Quarters),139.0
2026-08-01 17:00,Block D (Staff Quarters),221.4
2026-08-01 18:00,Block D (Staff Quarters),326.6
2026-08-01 19:00,Block D (Staff Quarters),426.6
2026-08-01 20:00,Block D (Staff Quarters),274.9
2026-08-01 21:00,Block D (Staff Quarters),178.5
2026-08-01 22:00,Block D (Staff Quarters),85.7
2026-08-01 23:00,Block D (Staff Quarters),35.4
2026-08-02 00:00,Block D (Staff Quarters),21.1
2026-08-02 01:00,Block D (Staff Quarters),10.0
2026-08-02 02:00,Block D (Staff Quarters),8.8
2026-08-02 03:00,Block D (Staff Quarters),6.8
2026-08-02 04:00,Block D (Staff Quarters),42.7
2026-08-02 05:00,Block D (Staff Quarters),172.0
2026-08-02 06:00,Block D (Staff Quarters),329.9
2026-08-02 07:00,Block D (Staff Quarters),470.7
2026-08-02 08:00,Block D (Staff Quarters),330.0
2026-08-02 09:00,Block D (Staff Quarters),187.1
2026-08-02 10:00,Block D (Staff Quarters),105.5
2026-08-02 11:00,Block D (Staff Quarters),91.7
2026-08-02 12:00,Block D (Staff Quarters),208.4
2026-08-02 13:00,Block D (Staff Quarters),162.4
2026-08-02 14:00,Block D (Staff Quarters),121.4
2026-08-02 15:00,Block D (Staff Quarters),116.2
2026-08-02 16:00,Block D (Staff Quarters),173.0
2026-08-02 17:00,Block D (Staff Quarters),192.8
2026-08-02 18:00,Block D (Staff Quarters),307.3
2026-08-02 19:00,Block D (Staff Quarters),435.1
2026-08-02 20:00,Block D (Staff Quarters),332.9
2026-08-02 21:00,Block D (Staff Quarters),207.6
2026-08-02 22:00,Block D (Staff Quarters),84.5
2026-08-02 23:00,Block D (Staff Quarters),32.6
2026-08-03 00:00,Block D (Staff Quarters),21.8
2026-08-03 01:00,Block D (Staff Quarters),12.9
2026-08-03 02:00,Block D (Staff Quarters),7.0
2026-08-03 03:00,Block D (Staff Quarters),7.8
2026-08-03 04:00,Block D (Staff Quarters),39.8
2026-08-03 05:00,Block D (Staff Quarters),157.4
2026-08-03 06:00,Block D (Staff Quarters),374.4
2026-08-03 07:00,Block D (Staff Quarters),515.6
2026-08-03 08:00,Block D (Staff Quarters),361.5
2026-08-03 09:00,Block D (Staff Quarters),168.5
2026-08-03 10:00,Block D (Staff Quarters),129.0
2026-08-03 11:00,Block D (Staff Quarters),139.1
2026-08-03 12:00,Block D (Staff Quarters),209.3
2026-08-03 13:00,Block D (Staff Quarters),226.2
2026-08-03 14:00,Block D (Staff Quarters),149.0
2026-08-03 15:00,Block D (Staff Quarters),134.7
2026-08-03 16:00,Block D (Staff Quarters),164.8
2026-08-03 17:00,Block D (Staff Quarters),225.1
2026-08-03 18:00,Block D (Staff Quarters),325.6
2026-08-03 19:00,Block D (Staff Quarters),401.1
2026-08-03 20:00,Block D (Staff Quarters),306.5
2026-08-03 21:00,Block D (Staff Quarters),237.5
2026-08-03 22:00,Block D (Staff Quarters),72.1
2026-08-03 23:00,Block D (Staff Quarters),47.4
2026-08-04 00:00,Block D (Staff Quarters),21.2
2026-08-04 01:00,Block D (Staff Quarters),10.0
2026-08-04 02:00,Block D (Staff Quarters),8.4
2026-08-04 03:00,Block D (Staff Quarters),6.0
2026-08-04 04:00,Block D (Staff Quarters),43.0
2026-08-04 05:00,Block D (Staff Quarters),177.0
2026-08-04 06:00,Block D (Staff Quarters),334.4
2026-08-04 07:00,Block D (Staff Quarters),446.5
2026-08-04 08:00,Block D (Staff Quarters),395.0
2026-08-04 09:00,Block D (Staff Quarters),187.9
2026-08-04 10:00,Block D (Staff Quarters),104.8
2026-08-04 11:00,Block D (Staff Quarters),141.3
2026-08-04 12:00,Block D (Staff Quarters),247.1
2026-08-04 13:00,Block D (Staff Quarters),200.1
2026-08-04 14:00,Block D (Staff Quarters),134.6
2026-08-04 15:00,Block D (Staff Quarters),139.3
2026-08-04 16:00,Block D (Staff Quarters),145.7
2026-08-04 17:00,Block D (Staff Quarters),188.4
2026-08-04 18:00,Block D (Staff Quarters),367.3
2026-08-04 19:00,Block D (Staff Quarters),480.9
2026-08-04 20:00,Block D (Staff Quarters),341.6
2026-08-04 21:00,Block D (Staff Quarters),178.9
2026-08-04 22:00,Block D (Staff Quarters),99.1
2026-08-04 23:00,Block D (Staff Quarters),37.5
2026-08-05 00:00,Block D (Staff Quarters),19.2
2026-08-05 01:00,Block D (Staff Quarters),12.5
2026-08-05 02:00,Block D (Staff Quarters),9.5
2026-08-05 03:00,Block D (Staff Quarters),8.8
2026-08-05 04:00,Block D (Staff Quarters),42.0
2026-08-05 05:00,Block D (Staff Quarters),168.9
2026-08-05 06:00,Block D (Staff Quarters),361.9
2026-08-05 07:00,Block D (Staff Quarters),469.5
2026-08-05 08:00,Block D (Staff Quarters),222.9
2026-08-05 09:00,Block D (Staff Quarters),192.9
2026-08-05 10:00,Block D (Staff Quarters),123.5
2026-08-05 11:00,Block D (Staff Quarters),103.4
2026-08-05 12:00,Block D (Staff Quarters),209.3
2026-08-05 13:00,Block D (Staff Quarters),195.1
2026-08-05 14:00,Block D (Staff Quarters),145.3
2026-08-05 15:00,Block D (Staff Quarters),142.7
2026-08-05 16:00,Block D (Staff Quarters),151.1
2026-08-05 17:00,Block D (Staff Quarters),196.4
2026-08-05 18:00,Block D (Staff Quarters),317.2
2026-08-05 19:00,Block D (Staff Quarters),378.3
2026-08-05 20:00,Block D (Staff Quarters),327.5
2026-08-05 21:00,Block D (Staff Quarters),181.8
2026-08-05 22:00,Block D (Staff Quarters),69.1
2026-08-05 23:00,Block D (Staff Quarters),43.0
2026-08-06 00:00,Block D (Staff Quarters),21.5
2026-08-06 01:00,Block D (Staff Quarters),10.8
2026-08-06 02:00,Block D (Staff Quarters),8.9
2026-08-06 03:00,Block D (Staff Quarters),7.4
2026-08-06 04:00,Block D (Staff Quarters),41.2
2026-08-06 05:00,Block D (Staff Quarters),175.8
2026-08-06 06:00,Block D (Staff Quarters),358.5
2026-08-06 07:00,Block D (Staff Quarters),464.0
2026-08-06 08:00,Block D (Staff Quarters),300.2
2026-08-06 09:00,Block D (Staff Quarters),195.3
2026-08-06 10:00,Block D (Staff Quarters),117.0
2026-08-06 11:00,Block D (Staff Quarters),109.2
2026-08-06 12:00,Block D (Staff Quarters),195.8
2026-08-06 13:00,Block D (Staff Quarters),162.8
2026-08-06 14:00,Block D (Staff Quarters),112.9
2026-08-06 15:00,Block D (Staff Quarters),115.9
2026-08-06 16:00,Block D (Staff Quarters),155.1
2026-08-06 17:00,Block D (Staff Quarters),194.2
2026-08-06 18:00,Block D (Staff Quarters),317.6
2026-08-06 19:00,Block D (Staff Quarters),423.0
2026-08-06 20:00,Block D (Staff Quarters),353.6
2026-08-06 21:00,Block D (Staff Quarters),184.4
2026-08-06 22:00,Block D (Staff Quarters),68.4
2026-08-06 23:00,Block D (Staff Quarters),35.0
2026-08-07 00:00,Block D (Staff Quarters),18.8
2026-08-07 01:00,Block D (Staff Quarters),11.5
2026-08-07 02:00,Block D (Staff Quarters),7.3
2026-08-07 03:00,Block D (Staff Quarters),6.8
2026-08-07 04:00,Block D (Staff Quarters),37.8
2026-08-07 05:00,Block D (Staff Quarters),163.5
2026-08-07 06:00,Block D (Staff Quarters),385.7
2026-08-07 07:00,Block D (Staff Quarters),410.6
2026-08-07 08:00,Block D (Staff Quarters),304.1
2026-08-07 09:00,Block D (Staff Quarters),177.8
2026-08-07 10:00,Block D (Staff Quarters),119.5
2026-08-07 11:00,Block D (Staff Quarters),107.8
2026-08-07 12:00,Block D (Staff Quarters),213.8
2026-08-07 13:00,Block D (Staff Quarters),157.1
2026-08-07 14:00,Block D (Staff Quarters),114.8
2026-08-07 15:00,Block D (Staff Quarters),124.3
2026-08-07 16:00,Block D (Staff Quarters),163.5
2026-08-07 17:00,Block D (Staff Quarters),264.6
2026-08-07 18:00,Block D (Staff Quarters),333.4
2026-08-07 19:00,Block D (Staff Quarters),351.8
2026-08-07 20:00,Block D (Staff Quarters),316.3
2026-08-07 21:00,Block D (Staff Quarters),157.4
2026-08-07 22:00,Block D (Staff Quarters),79.2
2026-08-07 23:00,Block D (Staff Quarters),36.0
2026-08-08 00:00,Block D (Staff Quarters),22.2
2026-08-08 01:00,Block D (Staff Quarters),11.2
2026-08-08 02:00,Block D (Staff Quarters),7.9
2026-08-08 03:00,Block D (Staff Quarters),7.4
2026-08-08 04:00,Block D (Staff Quarters),48.3
2026-08-08 05:00,Block D (Staff Quarters),153.8
2026-08-08 06:00,Block D (Staff Quarters),439.2
2026-08-08 07:00,Block D (Staff Quarters),483.0
2026-08-08 08:00,Block D (Staff Quarters),338.5
2026-08-08 09:00,Block D (Staff Quarters),208.8
2026-08-08 10:00,Block D (Staff Quarters),125.7
2026-08-08 11:00,Block D (Staff Quarters),92.2
2026-08-08 12:00,Block D (Staff Quarters),193.3
2026-08-08 13:00,Block D (Staff Quarters),220.3
2026-08-08 14:00,Block D (Staff Quarters),119.3
2026-08-08 15:00,Block D (Staff Quarters),99.8
2026-08-08 16:00,Block D (Staff Quarters),159.0
2026-08-08 17:00,Block D (Staff Quarters),240.9
2026-08-08 18:00,Block D (Staff Quarters),367.9
2026-08-08 19:00,Block D (Staff Quarters),397.0
2026-08-08 20:00,Block D (Staff Quarters),356.5
2026-08-08 21:00,Block D (Staff Quarters),191.2
2026-08-08 22:00,Block D (Staff Quarters),63.6
2026-08-08 23:00,Block D (Staff Quarters),35.6
2026-08-09 00:00,Block D (Staff Quarters),23.8
2026-08-09 01:00,Block D (Staff Quarters),11.6
2026-08-09 02:00,Block D (Staff Quarters),7.8
2026-08-09 03:00,Block D (Staff Quarters),7.7
2026-08-09 04:00,Block D (Staff Quarters),49.1
2026-08-09 05:00,Block D (Staff Quarters),191.2
2026-08-09 06:00,Block D (Staff Quarters),455.9
2026-08-09 07:00,Block D (Staff Quarters),431.6
2026-08-09 08:00,Block D (Staff Quarters),331.4
2026-08-09 09:00,Block D (Staff Quarters),163.6
2026-08-09 10:00,Block D (Staff Quarters),141.3
2026-08-09 11:00,Block D (Staff Quarters),103.2
2026-08-09 12:00,Block D (Staff Quarters),205.2
2026-08-09 13:00,Block D (Staff Quarters),173.7
2026-08-09 14:00,Block D (Staff Quarters),111.5
2026-08-09 15:00,Block D (Staff Quarters),107.9
2026-08-09 16:00,Block D (Staff Quarters),148.3
2026-08-09 17:00,Block D (Staff Quarters),187.1
2026-08-09 18:00,Block D (Staff Quarters),298.9
2026-08-09 19:00,Block D (Staff Quarters),440.0
2026-08-09 20:00,Block D (Staff Quarters),277.6
2026-08-09 21:00,Block D (Staff Quarters),205.3
2026-08-09 22:00,Block D (Staff Quarters),91.7
2026-08-09 23:00,Block D (Staff Quarters),37.5
2026-08-10 00:00,Block D (Staff Quarters),18.3
2026-08-10 01:00,Block D (Staff Quarters),11.7
2026-08-10 02:00,Block D (Staff Quarters),9.1
2026-08-10 03:00,Block D (Staff Quarters),8.2
2026-08-10 04:00,Block D (Staff Quarters),37.5
2026-08-10 05:00,Block D (Staff Quarters),169.3
2026-08-10 06:00,Block D (Staff Quarters),312.4
2026-08-10 07:00,Block D (Staff Quarters),476.0
2026-08-10 08:00,Block D (Staff Quarters),335.7
2026-08-10 09:00,Block D (Staff Quarters),192.6
2026-08-10 10:00,Block D (Staff Quarters),107.9
2026-08-10 11:00,Block D (Staff Quarters),107.2
2026-08-10 12:00,Block D (Staff Quarters),212.8
2026-08-10 13:00,Block D (Staff Quarters),229.5
2026-08-10 14:00,Block D (Staff Quarters),110.8
2026-08-10 15:00,Block D (Staff Quarters),126.6
2026-08-10 16:00,Block D (Staff Quarters),119.9
2026-08-10 17:00,Block D (Staff Quarters),186.0
2026-08-10 18:00,Block D (Staff Quarters),318.8
2026-08-10 19:00,Block D (Staff Quarters),356.3
2026-08-10 20:00,Block D (Staff Quarters),284.0
2026-08-10 21:00,Block D (Staff Quarters),184.0
2026-08-10 22:00,Block D (Staff Quarters),82.8
2026-08-10 23:00,Block D (Staff Quarters),39.1
2026-08-11 00:00,Block D (Staff Quarters),14.6
2026-08-11 01:00,Block D (Staff Quarters),8.9
2026-08-11 02:00,Block D (Staff Quarters),7.4
2026-08-11 03:00,Block D (Staff Quarters),8.4
2026-08-11 04:00,Block D (Staff Quarters),26.8
2026-08-11 05:00,Block D (Staff Quarters),150.4
2026-08-11 06:00,Block D (Staff Quarters),337.3
2026-08-11 07:00,Block D (Staff Quarters),513.3
2026-08-11 08:00,Block D (Staff Quarters),305.2
2026-08-11 09:00,Block D (Staff Quarters),209.2
2026-08-11 10:00,Block D (Staff Quarters),122.0
2026-08-11 11:00,Block D (Staff Quarters),89.3
2026-08-11 12:00,Block D (Staff Quarters),218.4
2026-08-11 13:00,Block D (Staff Quarters),205.2
2026-08-11 14:00,Block D (Staff Quarters),127.3
2026-08-11 15:00,Block D (Staff Quarters),176.5
2026-08-11 16:00,Block D (Staff Quarters),120.0
2026-08-11 17:00,Block D (Staff Quarters),241.4
2026-08-11 18:00,Block D (Staff Quarters),309.0
2026-08-11 19:00,Block D (Staff Quarters),413.8
2026-08-11 20:00,Block D (Staff Quarters),318.3
2026-08-11 21:00,Block D (Staff Quarters),189.8
2026-08-11 22:00,Block D (Staff Quarters),74.5
2026-08-11 23:00,Block D (Staff Quarters),41.6
2026-08-12 00:00,Block D (Staff Quarters),16.4
2026-08-12 01:00,Block D (Staff Quarters),13.1
2026-08-12 02:00,Block D (Staff Quarters),7.6
2026-08-12 03:00,Block D (Staff Quarters),6.9
2026-08-12 04:00,Block D (Staff Quarters),37.8
2026-08-12 05:00,Block D (Staff Quarters),184.1
2026-08-12 06:00,Block D (Staff Quarters),336.9
2026-08-12 07:00,Block D (Staff Quarters),458.9
2026-08-12 08:00,Block D (Staff Quarters),291.9
2026-08-12 09:00,Block D (Staff Quarters),218.2
2026-08-12 10:00,Block D (Staff Quarters),129.9
2026-08-12 11:00,Block D (Staff Quarters),146.6
2026-08-12 12:00,Block D (Staff Quarters),195.8
2026-08-12 13:00,Block D (Staff Quarters),216.0
2026-08-12 14:00,Block D (Staff Quarters),121.4
2026-08-12 15:00,Block D (Staff Quarters),138.7
2026-08-12 16:00,Block D (Staff Quarters),146.2
2026-08-12 17:00,Block D (Staff Quarters),217.9
2026-08-12 18:00,Block D (Staff Quarters),312.5
2026-08-12 19:00,Block D (Staff Quarters),396.9
2026-08-12 20:00,Block D (Staff Quarters),323.5
2026-08-12 21:00,Block D (Staff Quarters),206.1
2026-08-12 22:00,Block D (Staff Quarters),78.9
2026-08-12 23:00,Block D (Staff Quarters),41.0
2026-08-13 00:00,Block D (Staff Quarters),23.8
2026-08-13 01:00,Block D (Staff Quarters),13.4
2026-08-13 02:00,Block D (Staff Quarters),8.8
2026-08-13 03:00,Block D (Staff Quarters),7.6
2026-08-13 04:00,Block D (Staff Quarters),35.7
2026-08-13 05:00,Block D (Staff Quarters),178.3
2026-08-13 06:00,Block D (Staff Quarters),397.8
2026-08-13 07:00,Block D (Staff Quarters),517.8
2026-08-13 08:00,Block D (Staff Quarters),296.8
2026-08-13 09:00,Block D (Staff Quarters),194.5
2026-08-13 10:00,Block D (Staff Quarters),96.4
2026-08-13 11:00,Block D (Staff Quarters),114.3
2026-08-13 12:00,Block D (Staff Quarters),223.9
2026-08-13 13:00,Block D (Staff Quarters),188.8
2026-08-13 14:00,Block D (Staff Quarters),129.2
2026-08-13 15:00,Block D (Staff Quarters),117.3
2026-08-13 16:00,Block D (Staff Quarters),166.2
2026-08-13 17:00,Block D (Staff Quarters),172.5
2026-08-13 18:00,Block D (Staff Quarters),323.3
2026-08-13 19:00,Block D (Staff Quarters),256.4
2026-08-13 20:00,Block D (Staff Quarters),312.8
2026-08-13 21:00,Block D (Staff Quarters),160.9
2026-08-13 22:00,Block D (Staff Quarters),91.6
2026-08-13 23:00,Block D (Staff Quarters),43.7
2026-08-14 00:00,Block D (Staff Quarters),21.1
2026-08-14 01:00,Block D (Staff Quarters),14.2
2026-08-14 02:00,Block D (Staff Quarters),7.1
2026-08-14 03:00,Block D (Staff Quarters),9.7
2026-08-14 04:00,Block D (Staff Quarters),44.5
2026-08-14 05:00,Block D (Staff Quarters),155.5
2026-08-14 06:00,Block D (Staff Quarters),409.1
2026-08-14 07:00,Block D (Staff Quarters),381.6
2026-08-14 08:00,Block D (Staff Quarters),288.3
2026-08-14 09:00,Block D (Staff Quarters),185.4
2026-08-14 10:00,Block D (Staff Quarters),112.4
2026-08-14 11:00,Block D (Staff Quarters),104.8
2026-08-14 12:00,Block D (Staff Quarters),229.4
2026-08-14 13:00,Block D (Staff Quarters),193.8
2026-08-14 14:00,Block D (Staff Quarters),125.1
2026-08-14 15:00,Block D (Staff Quarters),111.8
2026-08-14 16:00,Block D (Staff Quarters),125.0
2026-08-14 17:00,Block D (Staff Quarters),206.5
2026-08-14 18:00,Block D (Staff Quarters),246.6
2026-08-14 19:00,Block D (Staff Quarters),396.7
2026-08-14 20:00,Block D (Staff Quarters),267.5
2026-08-14 21:00,Block D (Staff Quarters),247.7
2026-08-14 22:00,Block D (Staff Quarters),88.7
2026-08-14 23:00,Block D (Staff Quarters),40.5
2026-08-15 00:00,Block D (Staff Quarters),23.0
2026-08-15 01:00,Block D (Staff Quarters),10.8
2026-08-15 02:00,Block D (Staff Quarters),8.5
2026-08-15 03:00,Block D (Staff Quarters),8.2
2026-08-15 04:00,Block D (Staff Quarters),41.3
2026-08-15 05:00,Block D (Staff Quarters),184.4
2026-08-15 06:00,Block D (Staff Quarters),391.6
2026-08-15 07:00,Block D (Staff Quarters),455.2
2026-08-15 08:00,Block D (Staff Quarters),256.5
2026-08-15 09:00,Block D (Staff Quarters),177.0
2026-08-15 10:00,Block D (Staff Quarters),118.2
2026-08-15 11:00,Block D (Staff Quarters),121.3
2026-08-15 12:00,Block D (Staff Quarters),172.9
2026-08-15 13:00,Block D (Staff Quarters),257.9
2026-08-15 14:00,Block D (Staff Quarters),141.8
2026-08-15 15:00,Block D (Staff Quarters),128.7
2026-08-15 16:00,Block D (Staff Quarters),161.4
2026-08-15 17:00,Block D (Staff Quarters),194.9
2026-08-15 18:00,Block D (Staff Quarters),283.4
2026-08-15 19:00,Block D (Staff Quarters),403.7
2026-08-15 20:00,Block D (Staff Quarters),329.9
2026-08-15 21:00,Block D (Staff Quarters),170.2
2026-08-15 22:00,Block D (Staff Quarters),83.2
2026-08-15 23:00,Block D (Staff Quarters),39.3
2026-08-16 00:00,Block D (Staff Quarters),15.4
2026-08-16 01:00,Block D (Staff Quarters),10.8
2026-08-16 02:00,Block D (Staff Quarters),7.6
2026-08-16 03:00,Block D (Staff Quarters),9.8
2026-08-16 04:00,Block D (Staff Quarters),42.7
2026-08-16 05:00,Block D (Staff Quarters),134.4
2026-08-16 06:00,Block D (Staff Quarters),381.0
2026-08-16 07:00,Block D (Staff Quarters),358.3
2026-08-16 08:00,Block D (Staff Quarters),361.6
2026-08-16 09:00,Block D (Staff Quarters),188.7
2026-08-16 10:00,Block D (Staff Quarters),118.7
2026-08-16 11:00,Block D (Staff Quarters),139.1
2026-08-16 12:00,Block D (Staff Quarters),169.1
2026-08-16 13:00,Block D (Staff Quarters),166.5
2026-08-16 14:00,Block D (Staff Quarters),111.6
2026-08-16 15:00,Block D (Staff Quarters),135.0
2026-08-16 16:00,Block D (Staff Quarters),130.8
2026-08-16 17:00,Block D (Staff Quarters),132.0
2026-08-16 18:00,Block D (Staff Quarters),302.7
2026-08-16 19:00,Block D (Staff Quarters),426.5
2026-08-16 20:00,Block D (Staff Quarters),366.1
2026-08-16 21:00,Block D (Staff Quarters),188.9
2026-08-16 22:00,Block D (Staff Quarters),76.1
2026-08-16 23:00,Block D (Staff Quarters),45.5
2026-08-17 00:00,Block D (Staff Quarters),15.5
2026-08-17 01:00,Block D (Staff Quarters),11.4
2026-08-17 02:00,Block D (Staff Quarters),8.2
2026-08-17 03:00,Block D (Staff Quarters),8.4
2026-08-17 04:00,Block D (Staff Quarters),37.6
2026-08-17 05:00,Block D (Staff Quarters),160.7
2026-08-17 06:00,Block D (Staff Quarters),252.5
2026-08-17 07:00,Block D (Staff Quarters),405.2
2026-08-17 08:00,Block D (Staff Quarters),337.4
2026-08-17 09:00,Block D (Staff Quarters),176.4
2026-08-17 10:00,Block D (Staff Quarters),120.8
2026-08-17 11:00,Block D (Staff Quarters),126.4
2026-08-17 12:00,Block D (Staff Quarters),191.8
2026-08-17 13:00,Block D (Staff Quarters),204.1
2026-08-17 14:00,Block D (Staff Quarters),106.1
2026-08-17 15:00,Block D (Staff Quarters),117.0
2026-08-17 16:00,Block D (Staff Quarters),171.7
2026-08-17 17:00,Block D (Staff Quarters),203.8
2026-08-17 18:00,Block D (Staff Quarters),297.5
2026-08-17 19:00,Block D (Staff Quarters),410.8
2026-08-17 20:00,Block D (Staff Quarters),347.4
2026-08-17 21:00,Block D (Staff Quarters),150.8
2026-08-17 22:00,Block D (Staff Quarters),91.1
2026-08-17 23:00,Block D (Staff Quarters),38.4
2026-08-18 00:00,Block D (Staff Quarters),21.0
2026-08-18 01:00,Block D (Staff Quarters),13.7
2026-08-18 02:00,Block D (Staff Quarters),6.7
2026-08-18 03:00,Block D (Staff Quarters),7.3
2026-08-18 04:00,Block D (Staff Quarters),38.6
2026-08-18 05:00,Block D (Staff Quarters),145.0
2026-08-18 06:00,Block D (Staff Quarters),434.9
2026-08-18 07:00,Block D (Staff Quarters),394.8
2026-08-18 08:00,Block D (Staff Quarters),298.7
2026-08-18 09:00,Block D (Staff Quarters),204.9
2026-08-18 10:00,Block D (Staff Quarters),102.7
2026-08-18 11:00,Block D (Staff Quarters),114.3
2026-08-18 12:00,Block D (Staff Quarters),207.6
2026-08-18 13:00,Block D (Staff Quarters),192.0
2026-08-18 14:00,Block D (Staff Quarters),118.7
2026-08-18 15:00,Block D (Staff Quarters),112.4
2026-08-18 16:00,Block D (Staff Quarters),130.9
2026-08-18 17:00,Block D (Staff Quarters),207.7
2026-08-18 18:00,Block D (Staff Quarters),387.4
2026-08-18 19:00,Block D (Staff Quarters),400.9
2026-08-18 20:00,Block D (Staff Quarters),328.7
2026-08-18 21:00,Block D (Staff Quarters),216.6
2026-08-18 22:00,Block D (Staff Quarters),67.8
2026-08-18 23:00,Block D (Staff Quarters),48.2
2026-08-19 00:00,Block D (Staff Quarters),20.5
2026-08-19 01:00,Block D (Staff Quarters),14.3
2026-08-19 02:00,Block D (Staff Quarters),7.3
2026-08-19 03:00,Block D (Staff Quarters),9.7
2026-08-19 04:00,Block D (Staff Quarters),43.7
2026-08-19 05:00,Block D (Staff Quarters),170.6
2026-08-19 06:00,Block D (Staff Quarters),370.1
2026-08-19 07:00,Block D (Staff Quarters),426.9
2026-08-19 08:00,Block D (Staff Quarters),366.1
2026-08-19 09:00,Block D (Staff Quarters),203.4
2026-08-19 10:00,Block D (Staff Quarters),91.7
2026-08-19 11:00,Block D (Staff Quarters),103.9
2026-08-19 12:00,Block D (Staff Quarters),195.5
2026-08-19 13:00,Block D (Staff Quarters),207.4
2026-08-19 14:00,Block D (Staff Quarters),119.2
2026-08-19 15:00,Block D (Staff Quarters),137.6
2026-08-19 16:00,Block D (Staff Quarters),122.5
2026-08-19 17:00,Block D (Staff Quarters),203.4
2026-08-19 18:00,Block D (Staff Quarters),250.2
2026-08-19 19:00,Block D (Staff Quarters),436.5
2026-08-19 20:00,Block D (Staff Quarters),316.4
2026-08-19 21:00,Block D (Staff Quarters),210.1
2026-08-19 22:00,Block D (Staff Quarters),71.7
2026-08-19 23:00,Block D (Staff Quarters),46.1
2026-08-20 00:00,Block D (Staff Quarters),22.5
2026-08-20 01:00,Block D (Staff Quarters),12.8
2026-08-20 02:00,Block D (Staff Quarters),7.9
2026-08-20 03:00,Block D (Staff Quarters),8.6
2026-08-20 04:00,Block D (Staff Quarters),36.6
2026-08-20 05:00,Block D (Staff Quarters),176.4
2026-08-20 06:00,Block D (Staff Quarters),431.3
2026-08-20 07:00,Block D (Staff Quarters),496.5
2026-08-20 08:00,Block D (Staff Quarters),292.0
2026-08-20 09:00,Block D (Staff Quarters),208.7
2026-08-20 10:00,Block D (Staff Quarters),101.4
2026-08-20 11:00,Block D (Staff Quarters),128.2
2026-08-20 12:00,Block D (Staff Quarters),210.8
2026-08-20 13:00,Block D (Staff Quarters),155.1
2026-08-20 14:00,Block D (Staff Quarters),103.3
2026-08-20 15:00,Block D (Staff Quarters),115.9
2026-08-20 16:00,Block D (Staff Quarters),154.2
2026-08-20 17:00,Block D (Staff Quarters),171.0
2026-08-20 18:00,Block D (Staff Quarters),334.9
2026-08-20 19:00,Block D (Staff Quarters),412.1
2026-08-20 20:00,Block D (Staff Quarters),312.5
2026-08-20 21:00,Block D (Staff Quarters),181.9
2026-08-20 22:00,Block D (Staff Quarters),90.1
2026-08-20 23:00,Block D (Staff Quarters),47.9
2026-08-21 00:00,Block D (Staff Quarters),18.8
2026-08-21 01:00,Block D (Staff Quarters),11.1
2026-08-21 02:00,Block D (Staff Quarters),8.5
2026-08-21 03:00,Block D (Staff Quarters),7.7
2026-08-21 04:00,Block D (Staff Quarters),39.3
2026-08-21 05:00,Block D (Staff Quarters),174.2
2026-08-21 06:00,Block D (Staff Quarters),277.5
2026-08-21 07:00,Block D (Staff Quarters),509.6
2026-08-21 08:00,Block D (Staff Quarters),322.8
2026-08-21 09:00,Block D (Staff Quarters),190.1
2026-08-21 10:00,Block D (Staff Quarters),118.7
2026-08-21 11:00,Block D (Staff Quarters),119.5
2026-08-21 12:00,Block D (Staff Quarters),158.5
2026-08-21 13:00,Block D (Staff Quarters),235.9
2026-08-21 14:00,Block D (Staff Quarters),120.6
2026-08-21 15:00,Block D (Staff Quarters),126.4
2026-08-21 16:00,Block D (Staff Quarters),178.3
2026-08-21 17:00,Block D (Staff Quarters),175.5
2026-08-21 18:00,Block D (Staff Quarters),338.2
2026-08-21 19:00,Block D (Staff Quarters),387.2
2026-08-21 20:00,Block D (Staff Quarters),352.5
2026-08-21 21:00,Block D (Staff Quarters),148.9
2026-08-21 22:00,Block D (Staff Quarters),79.0
2026-08-21 23:00,Block D (Staff Quarters),37.1
2026-08-22 00:00,Block D (Staff Quarters),21.0
2026-08-22 01:00,Block D (Staff Quarters),12.7
2026-08-22 02:00,Block D (Staff Quarters),7.3
2026-08-22 03:00,Block D (Staff Quarters),7.3
2026-08-22 04:00,Block D (Staff Quarters),39.5
2026-08-22 05:00,Block D (Staff Quarters),142.8
2026-08-22 06:00,Block D (Staff Quarters),396.4
2026-08-22 07:00,Block D (Staff Quarters),420.5
2026-08-22 08:00,Block D (Staff Quarters),208.4
2026-08-22 09:00,Block D (Staff Quarters),191.0
2026-08-22 10:00,Block D (Staff Quarters),105.0
2026-08-22 11:00,Block D (Staff Quarters),96.5
2026-08-22 12:00,Block D (Staff Quarters),170.3
2026-08-22 13:00,Block D (Staff Quarters),202.6
2026-08-22 14:00,Block D (Staff Quarters),139.1
2026-08-22 15:00,Block D (Staff Quarters),124.5
2026-08-22 16:00,Block D (Staff Quarters),148.4
2026-08-22 17:00,Block D (Staff Quarters),210.9
2026-08-22 18:00,Block D (Staff Quarters),302.4
2026-08-22 19:00,Block D (Staff Quarters),366.7
2026-08-22 20:00,Block D (Staff Quarters),275.7
2026-08-22 21:00,Block D (Staff Quarters),158.0
2026-08-22 22:00,Block D (Staff Quarters),76.3
2026-08-22 23:00,Block D (Staff Quarters),40.8
2026-08-23 00:00,Block D (Staff Quarters),19.8
2026-08-23 01:00,Block D (Staff Quarters),11.4
2026-08-23 02:00,Block D (Staff Quarters),7.1
2026-08-23 03:00,Block D (Staff Quarters),8.6
2026-08-23 04:00,Block D (Staff Quarters),33.7
2026-08-23 05:00,Block D (Staff Quarters),174.9
2026-08-23 06:00,Block D (Staff Quarters),316.7
2026-08-23 07:00,Block D (Staff Quarters),400.3
2026-08-23 08:00,Block D (Staff Quarters),263.7
2026-08-23 09:00,Block D (Staff Quarters),188.0
2026-08-23 10:00,Block D (Staff Quarters),134.0
2026-08-23 11:00,Block D (Staff Quarters),127.4
2026-08-23 12:00,Block D (Staff Quarters),223.5
2026-08-23 13:00,Block D (Staff Quarters),212.5
2026-08-23 14:00,Block D (Staff Quarters),104.1
2026-08-23 15:00,Block D (Staff Quarters),115.2
2026-08-23 16:00,Block D (Staff Quarters),145.0
2026-08-23 17:00,Block D (Staff Quarters),231.9
2026-08-23 18:00,Block D (Staff Quarters),274.0
2026-08-23 19:00,Block D (Staff Quarters),442.9
2026-08-23 20:00,Block D (Staff Quarters),354.3
2026-08-23 21:00,Block D (Staff Quarters),243.9
2026-08-23 22:00,Block D (Staff Quarters),76.1
2026-08-23 23:00,Block D (Staff Quarters),43.4
2026-08-24 00:00,Block D (Staff Quarters),25.5
2026-08-24 01:00,Block D (Staff Quarters),11.1
2026-08-24 02:00,Block D (Staff Quarters),6.5
2026-08-24 03:00,Block D (Staff Quarters),6.2
2026-08-24 04:00,Block D (Staff Quarters),43.4
2026-08-24 05:00,Block D (Staff Quarters),123.8
2026-08-24 06:00,Block D (Staff Quarters),343.9
2026-08-24 07:00,Block D (Staff Quarters),463.1
2026-08-24 08:00,Block D (Staff Quarters),327.1
2026-08-24 09:00,Block D (Staff Quarters),210.2
2026-08-24 10:00,Block D (Staff Quarters),123.2
2026-08-24 11:00,Block D (Staff Quarters),138.4
2026-08-24 12:00,Block D (Staff Quarters),177.1
2026-08-24 13:00,Block D (Staff Quarters),183.8
2026-08-24 14:00,Block D (Staff Quarters),108.9
2026-08-24 15:00,Block D (Staff Quarters),132.0
2026-08-24 16:00,Block D (Staff Quarters),177.3
2026-08-24 17:00,Block D (Staff Quarters),210.8
2026-08-24 18:00,Block D (Staff Quarters),365.4
2026-08-24 19:00,Block D (Staff Quarters),343.5
2026-08-24 20:00,Block D (Staff Quarters),384.0
2026-08-24 21:00,Block D (Staff Quarters),236.6
2026-08-24 22:00,Block D (Staff Quarters),87.1
2026-08-24 23:00,Block D (Staff Quarters),48.6
2026-08-25 00:00,Block D (Staff Quarters),16.0
2026-08-25 01:00,Block D (Staff Quarters),11.2
2026-08-25 02:00,Block D (Staff Quarters),7.3
2026-08-25 03:00,Block D (Staff Quarters),8.7
2026-08-25 04:00,Block D (Staff Quarters),35.0
2026-08-25 05:00,Block D (Staff Quarters),174.5
2026-08-25 06:00,Block D (Staff Quarters),419.2
2026-08-25 07:00,Block D (Staff Quarters),476.7
2026-08-25 08:00,Block D (Staff Quarters),330.9
2026-08-25 09:00,Block D (Staff Quarters),176.3
2026-08-25 10:00,Block D (Staff Quarters),107.8
2026-08-25 11:00,Block D (Staff Quarters),138.0
2026-08-25 12:00,Block D (Staff Quarters),218.7
2026-08-25 13:00,Block D (Staff Quarters),199.1
2026-08-25 14:00,Block D (Staff Quarters),114.0
2026-08-25 15:00,Block D (Staff Quarters),90.8
2026-08-25 16:00,Block D (Staff Quarters),139.4
2026-08-25 17:00,Block D (Staff Quarters),245.9
2026-08-25 18:00,Block D (Staff Quarters),270.8
2026-08-25 19:00,Block D (Staff Quarters),409.1
2026-08-25 20:00,Block D (Staff Quarters),358.7
2026-08-25 21:00,Block D (Staff Quarters),169.9
2026-08-25 22:00,Block D (Staff Quarters),81.8
2026-08-25 23:00,Block D (Staff Quarters),44.5
2026-08-26 00:00,Block D (Staff Quarters),20.0
2026-08-26 01:00,Block D (Staff Quarters),16.1
2026-08-26 02:00,Block D (Staff Quarters),6.4
2026-08-26 03:00,Block D (Staff Quarters),9.0
2026-08-26 04:00,Block D (Staff Quarters),39.2
2026-08-26 05:00,Block D (Staff Quarters),174.8
2026-08-26 06:00,Block D (Staff Quarters),379.1
2026-08-26 07:00,Block D (Staff Quarters),401.3
2026-08-26 08:00,Block D (Staff Quarters),328.8
2026-08-26 09:00,Block D (Staff Quarters),155.4
2026-08-26 10:00,Block D (Staff Quarters),128.7
2026-08-26 11:00,Block D (Staff Quarters),124.3
2026-08-26 12:00,Block D (Staff Quarters),215.3
2026-08-26 13:00,Block D (Staff Quarters),225.4
2026-08-26 14:00,Block D (Staff Quarters),125.3
2026-08-26 15:00,Block D (Staff Quarters),122.1
2026-08-26 16:00,Block D (Staff Quarters),143.1
2026-08-26 17:00,Block D (Staff Quarters),182.9
2026-08-26 18:00,Block D (Staff Quarters),365.6
2026-08-26 19:00,Block D (Staff Quarters),468.9
2026-08-26 20:00,Block D (Staff Quarters),310.9
2026-08-26 21:00,Block D (Staff Quarters),201.1
2026-08-26 22:00,Block D (Staff Quarters),71.3
2026-08-26 23:00,Block D (Staff Quarters),45.6
2026-08-27 00:00,Block D (Staff Quarters),21.6
2026-08-27 01:00,Block D (Staff Quarters),14.8
2026-08-27 02:00,Block D (Staff Quarters),7.2
2026-08-27 03:00,Block D (Staff Quarters),7.6
2026-08-27 04:00,Block D (Staff Quarters),41.1
2026-08-27 05:00,Block D (Staff Quarters),172.4
2026-08-27 06:00,Block D (Staff Quarters),350.7
2026-08-27 07:00,Block D (Staff Quarters),393.9
2026-08-27 08:00,Block D (Staff Quarters),353.8
2026-08-27 09:00,Block D (Staff Quarters),217.3
2026-08-27 10:00,Block D (Staff Quarters),106.8
2026-08-27 11:00,Block D (Staff Quarters),139.5
2026-08-27 12:00,Block D (Staff Quarters),228.1
2026-08-27 13:00,Block D (Staff Quarters),203.2
2026-08-27 14:00,Block D (Staff Quarters),121.1
2026-08-27 15:00,Block D (Staff Quarters),128.0
2026-08-27 16:00,Block D (Staff Quarters),143.5
2026-08-27 17:00,Block D (Staff Quarters),200.7
2026-08-27 18:00,Block D (Staff Quarters),237.3
2026-08-27 19:00,Block D (Staff Quarters),442.1
2026-08-27 20:00,Block D (Staff Quarters),260.0
2026-08-27 21:00,Block D (Staff Quarters),236.1
2026-08-27 22:00,Block D (Staff Quarters),76.8
2026-08-27 23:00,Block D (Staff Quarters),39.0
2026-08-28 00:00,Block D (Staff Quarters),18.5
2026-08-28 01:00,Block D (Staff Quarters),11.6
2026-08-28 02:00,Block D (Staff Quarters),9.4
2026-08-28 03:00,Block D (Staff Quarters),5.6
2026-08-28 04:00,Block D (Staff Quarters),46.1
2026-08-28 05:00,Block D (Staff Quarters),166.5
2026-08-28 06:00,Block D (Staff Quarters),307.9
2026-08-28 07:00,Block D (Staff Quarters),383.2
2026-08-28 08:00,Block D (Staff Quarters),384.4
2026-08-28 09:00,Block D (Staff Quarters),177.3
2026-08-28 10:00,Block D (Staff Quarters),103.4
2026-08-28 11:00,Block D (Staff Quarters),136.4
2026-08-28 12:00,Block D (Staff Quarters),208.1
2026-08-28 13:00,Block D (Staff Quarters),177.5
2026-08-28 14:00,Block D (Staff Quarters),123.1
2026-08-28 15:00,Block D (Staff Quarters),631.2
2026-08-28 16:00,Block D (Staff Quarters),181.1
2026-08-28 17:00,Block D (Staff Quarters),225.5
2026-08-28 18:00,Block D (Staff Quarters),340.4
2026-08-28 19:00,Block D (Staff Quarters),417.4
2026-08-28 20:00,Block D (Staff Quarters),387.6
2026-08-28 21:00,Block D (Staff Quarters),200.0
2026-08-28 22:00,Block D (Staff Quarters),68.7
2026-08-28 23:00,Block D (Staff Quarters),42.2
2026-08-29 00:00,Block D (Staff Quarters),25.0
2026-08-29 01:00,Block D (Staff Quarters),10.5
2026-08-29 02:00,Block D (Staff Quarters),7.7
2026-08-29 03:00,Block D (Staff Quarters),8.4
2026-08-29 04:00,Block D (Staff Quarters),39.7
2026-08-29 05:00,Block D (Staff Quarters),141.1
2026-08-29 06:00,Block D (Staff Quarters),408.5
2026-08-29 07:00,Block D (Staff Quarters),562.5
2026-08-29 08:00,Block D (Staff Quarters),327.5
2026-08-29 09:00,Block D (Staff Quarters),178.3
2026-08-29 10:00,Block D (Staff Quarters),97.7
2026-08-29 11:00,Block D (Staff Quarters),123.7
2026-08-29 12:00,Block D (Staff Quarters),226.5
2026-08-29 13:00,Block D (Staff Quarters),211.4
2026-08-29 14:00,Block D (Staff Quarters),120.0
2026-08-29 15:00,Block D (Staff Quarters),111.5
2026-08-29 16:00,Block D (Staff Quarters),139.0
2026-08-29 17:00,Block D (Staff Quarters),220.0
2026-08-29 18:00,Block D (Staff Quarters),355.1
2026-08-29 19:00,Block D (Staff Quarters),325.8
2026-08-29 20:00,Block D (Staff Quarters),381.0
2026-08-29 21:00,Block D (Staff Quarters),213.8
2026-08-29 22:00,Block D (Staff Quarters),93.4
2026-08-29 23:00,Block D (Staff Quarters),33.6
2026-08-30 00:00,Block D (Staff Quarters),16.7
2026-08-30 01:00,Block D (Staff Quarters),11.8
2026-08-30 02:00,Block D (Staff Quarters),8.5
2026-08-30 03:00,Block D (Staff Quarters),9.7
2026-08-30 04:00,Block D (Staff Quarters),43.4
2026-08-30 05:00,Block D (Staff Quarters),155.3
2026-08-30 06:00,Block D (Staff Quarters),315.7
2026-08-30 07:00,Block D (Staff Quarters),504.9
2026-08-30 08:00,Block D (Staff Quarters),283.0
2026-08-30 09:00,Block D (Staff Quarters),239.1
2026-08-30 10:00,Block D (Staff Quarters),115.9
2026-08-30 11:00,Block D (Staff Quarters),142.9
2026-08-30 12:00,Block D (Staff Quarters),216.3
2026-08-30 13:00,Block D (Staff Quarters),196.7
2026-08-30 14:00,Block D (Staff Quarters),112.5
2026-08-30 15:00,Block D (Staff Quarters),115.1
2026-08-30 16:00,Block D (Staff Quarters),168.2
2026-08-30 17:00,Block D (Staff Quarters),201.9
2026-08-30 18:00,Block D (Staff Quarters),297.2
2026-08-30 19:00,Block D (Staff Quarters),392.0
2026-08-30 20:00,Block D (Staff Quarters),323.0
2026-08-30 21:00,Block D (Staff Quarters),148.9
2026-08-30 22:00,Block D (Staff Quarters),84.4
2026-08-30 23:00,Block D (Staff Quarters),35.3
